Timestamp(s),px0,py0
0.0001,0.1,0.99
0.001,0.1,0.989995
0.002,0.1,0.98998
0.003,0.1,0.989956
0.004,0.1,0.989922
0.005,0.1,0.989877
0.006,0.1,0.989823
0.007,0.1,0.98976
0.008,0.1,0.989686
0.009,0.1,0.989603
0.01,0.1,0.98951
0.011,0.1,0.989406
0.012,0.1,0.989294
0.013,0.1,0.989171
0.014,0.1,0.989039
0.015,0.1,0.988896
0.016,0.1,0.988744
0.017,0.1,0.988582
0.018,0.1,0.988411
0.019,0.1,0.988229
0.02,0.1,0.988038
0.021,0.1,0.987837
0.022,0.1,0.987626
0.023,0.1,0.987405
0.024,0.1,0.987175
0.025,0.1,0.986934
0.026,0.1,0.986684
0.027,0.1,0.986424
0.028,0.1,0.986154
0.029,0.1,0.985875
0.03,0.1,0.985586
0.031,0.1,0.985286
0.032,0.1,0.984977
0.033,0.1,0.984658
0.034,0.1,0.98433
0.035,0.1,0.983991
0.036,0.1,0.983643
0.037,0.1,0.983285
0.038,0.1,0.982917
0.039,0.1,0.982539
0.04,0.1,0.982152
0.041,0.1,0.981755
0.042,0.1,0.981348
0.043,0.1,0.980931
0.044,0.1,0.980504
0.045,0.1,0.980067
0.046,0.1,0.979621
0.047,0.1,0.979165
0.048,0.1,0.978699
0.049,0.1,0.978223
0.05,0.1,0.977738
0.051,0.1,0.977242
0.052,0.1,0.976737
0.053,0.1,0.976222
0.054,0.1,0.975697
0.055,0.1,0.975162
0.056,0.1,0.974618
0.057,0.1,0.974064
0.058,0.1,0.9735
0.059,0.1,0.972926
0.06,0.1,0.972342
0.061,0.1,0.971748
0.062,0.1,0.971145
0.063,0.1,0.970532
0.064,0.1,0.969909
0.065,0.1,0.969276
0.066,0.1,0.968634
0.067,0.1,0.967981
0.068,0.1,0.967319
0.069,0.1,0.966647
0.07,0.1,0.965966
0.071,0.1,0.965274
0.072,0.1,0.964572
0.073,0.1,0.963861
0.074,0.1,0.96314
0.075,0.1,0.962409
0.076,0.1,0.961669
0.077,0.1,0.960918
0.078,0.1,0.960158
0.079,0.1,0.959388
0.08,0.1,0.958608
0.081,0.1,0.957818
0.082,0.1,0.957019
0.083,0.1,0.956209
0.084,0.1,0.95539
0.085,0.1,0.954561
0.086,0.1,0.953723
0.087,0.1,0.952874
0.088,0.1,0.952016
0.089,0.1,0.951147
0.09,0.1,0.950269
0.091,0.1,0.949382
0.092,0.1,0.948484
0.093,0.1,0.947577
0.094,0.1,0.946659
0.095,0.1,0.945732
0.096,0.1,0.944796
0.097,0.1,0.943849
0.098,0.1,0.942892
0.099,0.1,0.941926
0.1,0.1,0.94095
0.101,0.1,0.939964
0.102,0.1,0.938968
0.103,0.1,0.937963
0.104,0.1,0.936948
0.105,0.1,0.935922
0.106,0.1,0.934887
0.107,0.1,0.933843
0.108,0.1,0.932788
0.109,0.1,0.931724
0.11,0.1,0.930649
0.111,0.1,0.929565
0.112,0.1,0.928472
0.113,0.1,0.927368
0.114,0.1,0.926255
0.115,0.1,0.925131
0.116,0.1,0.923998
0.117,0.1,0.922855
0.118,0.1,0.921703
0.119,0.1,0.92054
0.12,0.1,0.919368
0.121,0.1,0.918186
0.122,0.1,0.916994
0.123,0.1,0.915792
0.124,0.1,0.914581
0.125,0.1,0.913359
0.126,0.1,0.912128
0.127,0.1,0.910887
0.128,0.1,0.909636
0.129,0.1,0.908376
0.13,0.1,0.907105
0.131,0.1,0.905825
0.132,0.1,0.904535
0.133,0.1,0.903235
0.134,0.1,0.901926
0.135,0.1,0.900606
0.136,0.1,0.899277
0.137,0.1,0.897938
0.138,0.1,0.896589
0.139,0.1,0.89523
0.14,0.1,0.893862
0.141,0.1,0.892484
0.142,0.1,0.891096
0.143,0.1,0.889698
0.144,0.1,0.88829
0.145,0.1,0.886872
0.146,0.1,0.885445
0.147,0.1,0.884008
0.148,0.1,0.882561
0.149,0.1,0.881104
0.15,0.1,0.879638
0.151,0.1,0.878161
0.152,0.1,0.876675
0.153,0.1,0.875179
0.154,0.1,0.873673
0.155,0.1,0.872157
0.156,0.1,0.870632
0.157,0.1,0.869097
0.158,0.1,0.867552
0.159,0.1,0.865997
0.16,0.1,0.864432
0.161,0.1,0.862857
0.162,0.1,0.861273
0.163,0.1,0.859679
0.164,0.1,0.858075
0.165,0.1,0.856461
0.166,0.1,0.854838
0.167,0.1,0.853204
0.168,0.1,0.851561
0.169,0.1,0.849908
0.17,0.1,0.848246
0.171,0.1,0.846573
0.172,0.1,0.84489
0.173,0.1,0.843198
0.174,0.1,0.841496
0.175,0.1,0.839784
0.176,0.1,0.838063
0.177,0.1,0.836331
0.178,0.1,0.83459
0.179,0.1,0.832839
0.18,0.1,0.831078
0.181,0.1,0.829307
0.182,0.1,0.827527
0.183,0.1,0.825736
0.184,0.1,0.823936
0.185,0.1,0.822126
0.186,0.1,0.820307
0.187,0.1,0.818477
0.188,0.1,0.816638
0.189,0.1,0.814788
0.19,0.1,0.81293
0.191,0.1,0.811061
0.192,0.1,0.809182
0.193,0.1,0.807294
0.194,0.1,0.805395
0.195,0.1,0.803487
0.196,0.1,0.80157
0.197,0.1,0.799642
0.198,0.1,0.797704
0.199,0.1,0.795757
0.2,0.1,0.7938
0.201,0.1,0.791833
0.202,0.1,0.789856
0.203,0.1,0.78787
0.204,0.1,0.785874
0.205,0.1,0.783867
0.206,0.1,0.781851
0.207,0.1,0.779826
0.208,0.1,0.77779
0.209,0.1,0.775745
0.21,0.1,0.77369
0.211,0.1,0.771624
0.212,0.1,0.76955
0.213,0.1,0.767465
0.214,0.1,0.765371
0.215,0.1,0.763266
0.216,0.1,0.761152
0.217,0.1,0.759028
0.218,0.1,0.756895
0.219,0.1,0.754751
0.22,0.1,0.752598
0.221,0.1,0.750435
0.222,0.1,0.748262
0.223,0.1,0.746079
0.224,0.1,0.743887
0.225,0.1,0.741684
0.226,0.1,0.739472
0.227,0.1,0.73725
0.228,0.1,0.735018
0.229,0.1,0.732777
0.23,0.1,0.730526
0.231,0.1,0.728264
0.232,0.1,0.725993
0.233,0.1,0.723712
0.234,0.1,0.721422
0.235,0.1,0.719121
0.236,0.1,0.716811
0.237,0.1,0.714491
0.238,0.1,0.712161
0.239,0.1,0.709821
0.24,0.1,0.707472
0.241,0.1,0.705113
0.242,0.1,0.702744
0.243,0.1,0.700365
0.244,0.1,0.697976
0.245,0.1,0.695577
0.246,0.1,0.693169
0.247,0.1,0.690751
0.248,0.1,0.688323
0.249,0.1,0.685885
0.25,0.1,0.683438
0.251,0.1,0.68098
0.252,0.1,0.678513
0.253,0.1,0.676036
0.254,0.1,0.673549
0.255,0.1,0.671052
0.256,0.1,0.668546
0.257,0.1,0.66603
0.258,0.1,0.663504
0.259,0.1,0.660968
0.26,0.1,0.658422
0.261,0.1,0.655866
0.262,0.1,0.653301
0.263,0.1,0.650726
0.264,0.1,0.648141
0.265,0.1,0.645546
0.266,0.1,0.642942
0.267,0.1,0.640327
0.268,0.1,0.637703
0.269,0.1,0.635069
0.27,0.1,0.632426
0.271,0.1,0.629772
0.272,0.1,0.627108
0.273,0.1,0.624435
0.274,0.1,0.621752
0.275,0.1,0.619059
0.276,0.1,0.616357
0.277,0.1,0.613644
0.278,0.1,0.610922
0.279,0.1,0.60819
0.28,0.1,0.605448
0.281,0.1,0.602696
0.282,0.1,0.599935
0.283,0.1,0.597163
0.284,0.1,0.594382
0.285,0.1,0.591591
0.286,0.1,0.588791
0.287,0.1,0.58598
0.288,0.1,0.58316
0.289,0.1,0.580329
0.29,0.1,0.57749
0.291,0.1,0.57464
0.292,0.1,0.57178
0.293,0.1,0.568911
0.294,0.1,0.566031
0.295,0.1,0.563142
0.296,0.1,0.560244
0.297,0.1,0.557335
0.298,0.1,0.554416
0.299,0.1,0.551488
0.3,0.1,0.54855
0.301,0.1,0.545602
0.302,0.1,0.542644
0.303,0.1,0.539677
0.304,0.1,0.5367
0.305,0.1,0.533712
0.306,0.1,0.530715
0.307,0.1,0.527709
0.308,0.1,0.524692
0.309,0.1,0.521666
0.31,0.1,0.51863
0.311,0.1,0.515583
0.312,0.1,0.512528
0.313,0.1,0.509462
0.314,0.1,0.506387
0.315,0.1,0.503301
0.316,0.1,0.500206
0.317,0.1,0.497101
0.318,0.1,0.493987
0.319,0.1,0.490862
0.32,0.1,0.487728
0.321,0.1,0.484584
0.322,0.1,0.48143
0.323,0.1,0.478266
0.324,0.1,0.475093
0.325,0.1,0.471909
0.326,0.1,0.468716
0.327,0.1,0.465513
0.328,0.1,0.4623
0.329,0.1,0.459078
0.33,0.1,0.455846
0.331,0.1,0.452603
0.332,0.1,0.449351
0.333,0.1,0.446089
0.334,0.1,0.442818
0.335,0.1,0.439536
0.336,0.1,0.436245
0.337,0.1,0.432944
0.338,0.1,0.429633
0.339,0.1,0.426312
0.34,0.1,0.422982
0.341,0.1,0.419642
0.342,0.1,0.416292
0.343,0.1,0.412932
0.344,0.1,0.409562
0.345,0.1,0.406182
0.346,0.1,0.402793
0.347,0.1,0.399394
0.348,0.1,0.395985
0.349,0.1,0.392566
0.35,0.1,0.389138
0.351,0.1,0.385699
0.352,0.1,0.382251
0.353,0.1,0.378793
0.354,0.1,0.375325
0.355,0.1,0.371847
0.356,0.1,0.36836
0.357,0.1,0.364863
0.358,0.1,0.361356
0.359,0.1,0.357839
0.36,0.1,0.354312
0.361,0.1,0.350775
0.362,0.1,0.347229
0.363,0.1,0.343673
0.364,0.1,0.340107
0.365,0.1,0.336531
0.366,0.1,0.332946
0.367,0.1,0.32935
0.368,0.1,0.325745
0.369,0.1,0.32213
0.37,0.1,0.318506
0.371,0.1,0.314871
0.372,0.1,0.311226
0.373,0.1,0.307572
0.374,0.1,0.303908
0.375,0.1,0.300234
0.376,0.1,0.296551
0.377,0.1,0.292857
0.378,0.1,0.289154
0.379,0.1,0.285441
0.38,0.1,0.281718
0.381,0.1,0.277985
0.382,0.1,0.274243
0.383,0.1,0.27049
0.384,0.1,0.266728
0.385,0.1,0.262956
0.386,0.1,0.259175
0.387,0.1,0.255383
0.388,0.1,0.251582
0.389,0.1,0.24777
0.39,0.1,0.24395
0.391,0.1,0.240119
0.392,0.1,0.236278
0.393,0.1,0.232428
0.394,0.1,0.228567
0.395,0.1,0.224697
0.396,0.1,0.220818
0.397,0.1,0.216928
0.398,0.1,0.213028
0.399,0.1,0.209119
0.4,0.1,0.2052
0.401,0.1,0.201271
0.402,0.1,0.197332
0.403,0.1,0.193384
0.404,0.1,0.189426
0.405,0.1,0.185457
0.406,0.1,0.181479
0.407,0.1,0.177492
0.408,0.1,0.173494
0.409,0.1,0.169487
0.41,0.1,0.16547
0.411,0.1,0.161442
0.412,0.1,0.157406
0.413,0.1,0.153359
0.414,0.1,0.149303
0.415,0.1,0.145236
0.416,0.1,0.14116
0.417,0.1,0.137074
0.418,0.1,0.132979
0.419,0.1,0.128873
0.42,0.1,0.124758
0.421,0.1,0.120633
0.422,0.1,0.116498
0.423,0.1,0.112353
0.424,0.1,0.108199
0.425,0.1,0.104034
0.426,0.1,0.0998602
0.427,0.1,0.0956763
0.428,0.1,0.0914825
0.429,0.1,0.0872789
0.43,0.1,0.0830655
0.431,0.1,0.0788423
0.432,0.1,0.0746093
0.433,0.1,0.0703665
0.434,0.1,0.0661138
0.435,0.1,0.0618514
0.436,0.1,0.0575791
0.437,0.1,0.0532971
0.438,0.1,0.0490052
0.439,0.1,0.0447035
0.44,0.1,0.040392
0.441,0.1,0.0360707
0.442,0.1,0.0317396
0.443,0.1,0.0273987
0.444,0.1,0.0230479
0.445,0.1,0.0186874
0.446,0.1,0.014317
0.447,0.1,0.01
0.448,0.1,0.01
0.449,0.1,0.01
0.45,0.1,0.01
0.451,0.1,0.01
0.452,0.1,0.01
0.453,0.1,0.01
0.454,0.1,0.01
0.455,0.1,0.01
0.456,0.1,0.01
0.457,0.1,0.01
0.458,0.1,0.01
0.459,0.1,0.01
0.46,0.1,0.01
0.461,0.1,0.01
0.462,0.1,0.01
0.463,0.1,0.01
0.464,0.1,0.01
0.465,0.1,0.01
0.466,0.1,0.01
0.467,0.1,0.01
0.468,0.1,0.01
0.469,0.1,0.01
0.47,0.1,0.01
0.471,0.1,0.01
0.472,0.1,0.01
0.473,0.1,0.01
0.474,0.1,0.01
0.475,0.1,0.01
0.476,0.1,0.01
0.477,0.1,0.01
0.478,0.1,0.01
0.479,0.1,0.01
0.48,0.1,0.01
0.481,0.1,0.01
0.482,0.1,0.01
0.483,0.1,0.01
0.484,0.1,0.01
0.485,0.1,0.01
0.486,0.1,0.01
0.487,0.1,0.01
0.488,0.1,0.01
0.489,0.1,0.01
0.49,0.1,0.01
0.491,0.1,0.01
0.492,0.1,0.01
0.493,0.1,0.01
0.494,0.1,0.01
0.495,0.1,0.01
0.496,0.1,0.01
0.497,0.1,0.01
0.498,0.1,0.01
0.499,0.1,0.01
0.5,0.1,0.01
0.501,0.1,0.01
0.502,0.1,0.01
0.503,0.1,0.01
0.504,0.1,0.01
0.505,0.1,0.01
0.506,0.1,0.01
0.507,0.1,0.01
0.508,0.1,0.01
0.509,0.1,0.01
0.51,0.1,0.01
0.511,0.1,0.01
0.512,0.1,0.01
0.513,0.1,0.01
0.514,0.1,0.01
0.515,0.1,0.01
0.516,0.1,0.01
0.517,0.1,0.01
0.518,0.1,0.01
0.519,0.1,0.01
0.52,0.1,0.01
0.521,0.1,0.01
0.522,0.1,0.01
0.523,0.1,0.01
0.524,0.1,0.01
0.525,0.1,0.01
0.526,0.1,0.01
0.527,0.1,0.01
0.528,0.1,0.01
0.529,0.1,0.01
0.53,0.1,0.01
0.531,0.1,0.01
0.532,0.1,0.01
0.533,0.1,0.01
0.534,0.1,0.01
0.535,0.1,0.01
0.536,0.1,0.01
0.537,0.1,0.01
0.538,0.1,0.01
0.539,0.1,0.01
0.54,0.1,0.01
0.541,0.1,0.01
0.542,0.1,0.01
0.543,0.1,0.01
0.544,0.1,0.01
0.545,0.1,0.01
0.546,0.1,0.01
0.547,0.1,0.01
0.548,0.1,0.01
0.549,0.1,0.01
0.55,0.1,0.01
0.551,0.1,0.01
0.552,0.1,0.01
0.553,0.1,0.01
0.554,0.1,0.01
0.555,0.1,0.01
0.556,0.1,0.01
0.557,0.1,0.01
0.558,0.1,0.01
0.559,0.1,0.01
0.56,0.1,0.01
0.561,0.1,0.01
0.562,0.1,0.01
0.563,0.1,0.01
0.564,0.1,0.01
0.565,0.1,0.01
0.566,0.1,0.01
0.567,0.1,0.01
0.568,0.1,0.01
0.569,0.1,0.01
0.57,0.1,0.01
0.571,0.1,0.01
0.572,0.1,0.01
0.573,0.1,0.01
0.574,0.1,0.01
0.575,0.1,0.01
0.576,0.1,0.01
0.577,0.1,0.01
0.578,0.1,0.01
0.579,0.1,0.01
0.58,0.1,0.01
0.581,0.1,0.01
0.582,0.1,0.01
0.583,0.1,0.01
0.584,0.1,0.01
0.585,0.1,0.01
0.586,0.1,0.01
0.587,0.1,0.01
0.588,0.1,0.01
0.589,0.1,0.01
0.59,0.1,0.01
0.591,0.1,0.01
0.592,0.1,0.01
0.593,0.1,0.01
0.594,0.1,0.01
0.595,0.1,0.01
0.596,0.1,0.01
0.597,0.1,0.01
0.598,0.1,0.01
0.599,0.1,0.01
0.6,0.1,0.01
0.601,0.1,0.01
0.602,0.1,0.01
0.603,0.1,0.01
0.604,0.1,0.01
0.605,0.1,0.01
0.606,0.1,0.01
0.607,0.1,0.01
0.608,0.1,0.01
0.609,0.1,0.01
0.61,0.1,0.01
0.611,0.1,0.01
0.612,0.1,0.01
0.613,0.1,0.01
0.614,0.1,0.01
0.615,0.1,0.01
0.616,0.1,0.01
0.617,0.1,0.01
0.618,0.1,0.01
0.619,0.1,0.01
0.62,0.1,0.01
0.621,0.1,0.01
0.622,0.1,0.01
0.623,0.1,0.01
0.624,0.1,0.01
0.625,0.1,0.01
0.626,0.1,0.01
0.627,0.1,0.01
0.628,0.1,0.01
0.629,0.1,0.01
0.63,0.1,0.01
0.631,0.1,0.01
0.632,0.1,0.01
0.633,0.1,0.01
0.634,0.1,0.01
0.635,0.1,0.01
0.636,0.1,0.01
0.637,0.1,0.01
0.638,0.1,0.01
0.639,0.1,0.01
0.64,0.1,0.01
0.641,0.1,0.01
0.642,0.1,0.01
0.643,0.1,0.01
0.644,0.1,0.01
0.645,0.1,0.01
0.646,0.1,0.01
0.647,0.1,0.01
0.648,0.1,0.01
0.649,0.1,0.01
0.65,0.1,0.01
0.651,0.1,0.01
0.652,0.1,0.01
0.653,0.1,0.01
0.654,0.1,0.01
0.655,0.1,0.01
0.656,0.1,0.01
0.657,0.1,0.01
0.658,0.1,0.01
0.659,0.1,0.01
0.66,0.1,0.01
0.661,0.1,0.01
0.662,0.1,0.01
0.663,0.1,0.01
0.664,0.1,0.01
0.665,0.1,0.01
0.666,0.1,0.01
0.667,0.1,0.01
0.668,0.1,0.01
0.669,0.1,0.01
0.67,0.1,0.01
0.671,0.1,0.01
0.672,0.1,0.01
0.673,0.1,0.01
0.674,0.1,0.01
0.675,0.1,0.01
0.676,0.1,0.01
0.677,0.1,0.01
0.678,0.1,0.01
0.679,0.1,0.01
0.68,0.1,0.01
0.681,0.1,0.01
0.682,0.1,0.01
0.683,0.1,0.01
0.684,0.1,0.01
0.685,0.1,0.01
0.686,0.1,0.01
0.687,0.1,0.01
0.688,0.1,0.01
0.689,0.1,0.01
0.69,0.1,0.01
0.691,0.1,0.01
0.692,0.1,0.01
0.693,0.1,0.01
0.694,0.1,0.01
0.695,0.1,0.01
0.696,0.1,0.01
0.697,0.1,0.01
0.698,0.1,0.01
0.699,0.1,0.01
0.7,0.1,0.01
0.701,0.1,0.01
0.702,0.1,0.01
0.703,0.1,0.01
0.704,0.1,0.01
0.705,0.1,0.01
0.706,0.1,0.01
0.707,0.1,0.01
0.708,0.1,0.01
0.709,0.1,0.01
0.71,0.1,0.01
0.711,0.1,0.01
0.712,0.1,0.01
0.713,0.1,0.01
0.714,0.1,0.01
0.715,0.1,0.01
0.716,0.1,0.01
0.717,0.1,0.01
0.718,0.1,0.01
0.719,0.1,0.01
0.72,0.1,0.01
0.721,0.1,0.01
0.722,0.1,0.01
0.723,0.1,0.01
0.724,0.1,0.01
0.725,0.1,0.01
0.726,0.1,0.01
0.727,0.1,0.01
0.728,0.1,0.01
0.729,0.1,0.01
0.73,0.1,0.01
0.731,0.1,0.01
0.732,0.1,0.01
0.733,0.1,0.01
0.734,0.1,0.01
0.735,0.1,0.01
0.736,0.1,0.01
0.737,0.1,0.01
0.738,0.1,0.01
0.739,0.1,0.01
0.74,0.1,0.01
0.741,0.1,0.01
0.742,0.1,0.01
0.743,0.1,0.01
0.744,0.1,0.01
0.745,0.1,0.01
0.746,0.1,0.01
0.747,0.1,0.01
0.748,0.1,0.01
0.749,0.1,0.01
0.75,0.1,0.01
0.751,0.1,0.01
0.752,0.1,0.01
0.753,0.1,0.01
0.754,0.1,0.01
0.755,0.1,0.01
0.756,0.1,0.01
0.757,0.1,0.01
0.758,0.1,0.01
0.759,0.1,0.01
0.76,0.1,0.01
0.761,0.1,0.01
0.762,0.1,0.01
0.763,0.1,0.01
0.764,0.1,0.01
0.765,0.1,0.01
0.766,0.1,0.01
0.767,0.1,0.01
0.768,0.1,0.01
0.769,0.1,0.01
0.77,0.1,0.01
0.771,0.1,0.01
0.772,0.1,0.01
0.773,0.1,0.01
0.774,0.1,0.01
0.775,0.1,0.01
0.776,0.1,0.01
0.777,0.1,0.01
0.778,0.1,0.01
0.779,0.1,0.01
0.78,0.1,0.01
0.781,0.1,0.01
0.782,0.1,0.01
0.783,0.1,0.01
0.784,0.1,0.01
0.785,0.1,0.01
0.786,0.1,0.01
0.787,0.1,0.01
0.788,0.1,0.01
0.789,0.1,0.01
0.79,0.1,0.01
0.791,0.1,0.01
0.792,0.1,0.01
0.793,0.1,0.01
0.794,0.1,0.01
0.795,0.1,0.01
0.796,0.1,0.01
0.797,0.1,0.01
0.798,0.1,0.01
0.799,0.1,0.01
0.8,0.1,0.01
0.801,0.1,0.01
0.802,0.1,0.01
0.803,0.1,0.01
0.804,0.1,0.01
0.805,0.1,0.01
0.806,0.1,0.01
0.807,0.1,0.01
0.808,0.1,0.01
0.809,0.1,0.01
0.81,0.1,0.01
0.811,0.1,0.01
0.812,0.1,0.01
0.813,0.1,0.01
0.814,0.1,0.01
0.815,0.1,0.01
0.816,0.1,0.01
0.817,0.1,0.01
0.818,0.1,0.01
0.819,0.1,0.01
0.82,0.1,0.01
0.821,0.1,0.01
0.822,0.1,0.01
0.823,0.1,0.01
0.824,0.1,0.01
0.825,0.1,0.01
0.826,0.1,0.01
0.827,0.1,0.01
0.828,0.1,0.01
0.829,0.1,0.01
0.83,0.1,0.01
0.831,0.1,0.01
0.832,0.1,0.01
0.833,0.1,0.01
0.834,0.1,0.01
0.835,0.1,0.01
0.836,0.1,0.01
0.837,0.1,0.01
0.838,0.1,0.01
0.839,0.1,0.01
0.84,0.1,0.01
0.841,0.1,0.01
0.842,0.1,0.01
0.843,0.1,0.01
0.844,0.1,0.01
0.845,0.1,0.01
0.846,0.1,0.01
0.847,0.1,0.01
0.848,0.1,0.01
0.849,0.1,0.01
0.85,0.1,0.01
0.851,0.1,0.01
0.852,0.1,0.01
0.853,0.1,0.01
0.854,0.1,0.01
0.855,0.1,0.01
0.856,0.1,0.01
0.857,0.1,0.01
0.858,0.1,0.01
0.859,0.1,0.01
0.86,0.1,0.01
0.861,0.1,0.01
0.862,0.1,0.01
0.863,0.1,0.01
0.864,0.1,0.01
0.865,0.1,0.01
0.866,0.1,0.01
0.867,0.1,0.01
0.868,0.1,0.01
0.869,0.1,0.01
0.87,0.1,0.01
0.871,0.1,0.01
0.872,0.1,0.01
0.873,0.1,0.01
0.874,0.1,0.01
0.875,0.1,0.01
0.876,0.1,0.01
0.877,0.1,0.01
0.878,0.1,0.01
0.879,0.1,0.01
0.88,0.1,0.01
0.881,0.1,0.01
0.882,0.1,0.01
0.883,0.1,0.01
0.884,0.1,0.01
0.885,0.1,0.01
0.886,0.1,0.01
0.887,0.1,0.01
0.888,0.1,0.01
0.889,0.1,0.01
0.89,0.1,0.01
0.891,0.1,0.01
0.892,0.1,0.01
0.893,0.1,0.01
0.894,0.1,0.01
0.895,0.1,0.01
0.896,0.1,0.01
0.897,0.1,0.01
0.898,0.1,0.01
0.899,0.1,0.01
0.9,0.1,0.01
0.901,0.1,0.01
0.902,0.1,0.01
0.903,0.1,0.01
0.904,0.1,0.01
0.905,0.1,0.01
0.906,0.1,0.01
0.907,0.1,0.01
0.908,0.1,0.01
0.909,0.1,0.01
0.91,0.1,0.01
0.911,0.1,0.01
0.912,0.1,0.01
0.913,0.1,0.01
0.914,0.1,0.01
0.915,0.1,0.01
0.916,0.1,0.01
0.917,0.1,0.01
0.918,0.1,0.01
0.919,0.1,0.01
0.92,0.1,0.01
0.921,0.1,0.01
0.922,0.1,0.01
0.923,0.1,0.01
0.924,0.1,0.01
0.925,0.1,0.01
0.926,0.1,0.01
0.927,0.1,0.01
0.928,0.1,0.01
0.929,0.1,0.01
0.93,0.1,0.01
0.931,0.1,0.01
0.932,0.1,0.01
0.933,0.1,0.01
0.934,0.1,0.01
0.935,0.1,0.01
0.936,0.1,0.01
0.937,0.1,0.01
0.938,0.1,0.01
0.939,0.1,0.01
0.94,0.1,0.01
0.941,0.1,0.01
0.942,0.1,0.01
0.943,0.1,0.01
0.944,0.1,0.01
0.945,0.1,0.01
0.946,0.1,0.01
0.947,0.1,0.01
0.948,0.1,0.01
0.949,0.1,0.01
0.95,0.1,0.01
0.951,0.1,0.01
0.952,0.1,0.01
0.953,0.1,0.01
0.954,0.1,0.01
0.955,0.1,0.01
0.956,0.1,0.01
0.957,0.1,0.01
0.958,0.1,0.01
0.959,0.1,0.01
0.96,0.1,0.01
0.961,0.1,0.01
0.962,0.1,0.01
0.963,0.1,0.01
0.964,0.1,0.01
0.965,0.1,0.01
0.966,0.1,0.01
0.967,0.1,0.01
0.968,0.1,0.01
0.969,0.1,0.01
0.97,0.1,0.01
0.971,0.1,0.01
0.972,0.1,0.01
0.973,0.1,0.01
0.974,0.1,0.01
0.975,0.1,0.01
0.976,0.1,0.01
0.977,0.1,0.01
0.978,0.1,0.01
0.979,0.1,0.01
0.98,0.1,0.01
0.981,0.1,0.01
0.982,0.1,0.01
0.983,0.1,0.01
0.984,0.1,0.01
0.985,0.1,0.01
0.986,0.1,0.01
0.987,0.1,0.01
0.988,0.1,0.01
0.989,0.1,0.01
0.99,0.1,0.01
0.991,0.1,0.01
0.992,0.1,0.01
0.993,0.1,0.01
0.994,0.1,0.01
0.995,0.1,0.01
0.996,0.1,0.01
0.997,0.1,0.01
0.998,0.1,0.01
0.999,0.1,0.01
1,0.1,0.01
1.001,0.1,0.01
1.002,0.1,0.01
1.003,0.1,0.01
1.004,0.1,0.01
1.005,0.1,0.01
1.006,0.1,0.01
1.007,0.1,0.01
1.008,0.1,0.01
1.009,0.1,0.01
1.01,0.1,0.01
1.011,0.1,0.01
1.012,0.1,0.01
1.013,0.1,0.01
1.014,0.1,0.01
1.015,0.1,0.01
1.016,0.1,0.01
1.017,0.1,0.01
1.018,0.1,0.01
1.019,0.1,0.01
1.02,0.1,0.01
1.021,0.1,0.01
1.022,0.1,0.01
1.023,0.1,0.01
1.024,0.1,0.01
1.025,0.1,0.01
1.026,0.1,0.01
1.027,0.1,0.01
1.028,0.1,0.01
1.029,0.1,0.01
1.03,0.1,0.01
1.031,0.1,0.01
1.032,0.1,0.01
1.033,0.1,0.01
1.034,0.1,0.01
1.035,0.1,0.01
1.036,0.1,0.01
1.037,0.1,0.01
1.038,0.1,0.01
1.039,0.1,0.01
1.04,0.1,0.01
1.041,0.1,0.01
1.042,0.1,0.01
1.043,0.1,0.01
1.044,0.1,0.01
1.045,0.1,0.01
1.046,0.1,0.01
1.047,0.1,0.01
1.048,0.1,0.01
1.049,0.1,0.01
1.05,0.1,0.01
1.051,0.1,0.01
1.052,0.1,0.01
1.053,0.1,0.01
1.054,0.1,0.01
1.055,0.1,0.01
1.056,0.1,0.01
1.057,0.1,0.01
1.058,0.1,0.01
1.059,0.1,0.01
1.06,0.1,0.01
1.061,0.1,0.01
1.062,0.1,0.01
1.063,0.1,0.01
1.064,0.1,0.01
1.065,0.1,0.01
1.066,0.1,0.01
1.067,0.1,0.01
1.068,0.1,0.01
1.069,0.1,0.01
1.07,0.1,0.01
1.071,0.1,0.01
1.072,0.1,0.01
1.073,0.1,0.01
1.074,0.1,0.01
1.075,0.1,0.01
1.076,0.1,0.01
1.077,0.1,0.01
1.078,0.1,0.01
1.079,0.1,0.01
1.08,0.1,0.01
1.081,0.1,0.01
1.082,0.1,0.01
1.083,0.1,0.01
1.084,0.1,0.01
1.085,0.1,0.01
1.086,0.1,0.01
1.087,0.1,0.01
1.088,0.1,0.01
1.089,0.1,0.01
1.09,0.1,0.01
1.091,0.1,0.01
1.092,0.1,0.01
1.093,0.1,0.01
1.094,0.1,0.01
1.095,0.1,0.01
1.096,0.1,0.01
1.097,0.1,0.01
1.098,0.1,0.01
1.099,0.1,0.01
1.1,0.1,0.01
1.101,0.1,0.01
1.102,0.1,0.01
1.103,0.1,0.01
1.104,0.1,0.01
1.105,0.1,0.01
1.106,0.1,0.01
1.107,0.1,0.01
1.108,0.1,0.01
1.109,0.1,0.01
1.11,0.1,0.01
1.111,0.1,0.01
1.112,0.1,0.01
1.113,0.1,0.01
1.114,0.1,0.01
1.115,0.1,0.01
1.116,0.1,0.01
1.117,0.1,0.01
1.118,0.1,0.01
1.119,0.1,0.01
1.12,0.1,0.01
1.121,0.1,0.01
1.122,0.1,0.01
1.123,0.1,0.01
1.124,0.1,0.01
1.125,0.1,0.01
1.126,0.1,0.01
1.127,0.1,0.01
1.128,0.1,0.01
1.129,0.1,0.01
1.13,0.1,0.01
1.131,0.1,0.01
1.132,0.1,0.01
1.133,0.1,0.01
1.134,0.1,0.01
1.135,0.1,0.01
1.136,0.1,0.01
1.137,0.1,0.01
1.138,0.1,0.01
1.139,0.1,0.01
1.14,0.1,0.01
1.141,0.1,0.01
1.142,0.1,0.01
1.143,0.1,0.01
1.144,0.1,0.01
1.145,0.1,0.01
1.146,0.1,0.01
1.147,0.1,0.01
1.148,0.1,0.01
1.149,0.1,0.01
1.15,0.1,0.01
1.151,0.1,0.01
1.152,0.1,0.01
1.153,0.1,0.01
1.154,0.1,0.01
1.155,0.1,0.01
1.156,0.1,0.01
1.157,0.1,0.01
1.158,0.1,0.01
1.159,0.1,0.01
1.16,0.1,0.01
1.161,0.1,0.01
1.162,0.1,0.01
1.163,0.1,0.01
1.164,0.1,0.01
1.165,0.1,0.01
1.166,0.1,0.01
1.167,0.1,0.01
1.168,0.1,0.01
1.169,0.1,0.01
1.17,0.1,0.01
1.171,0.1,0.01
1.172,0.1,0.01
1.173,0.1,0.01
1.174,0.1,0.01
1.175,0.1,0.01
1.176,0.1,0.01
1.177,0.1,0.01
1.178,0.1,0.01
1.179,0.1,0.01
1.18,0.1,0.01
1.181,0.1,0.01
1.182,0.1,0.01
1.183,0.1,0.01
1.184,0.1,0.01
1.185,0.1,0.01
1.186,0.1,0.01
1.187,0.1,0.01
1.188,0.1,0.01
1.189,0.1,0.01
1.19,0.1,0.01
1.191,0.1,0.01
1.192,0.1,0.01
1.193,0.1,0.01
1.194,0.1,0.01
1.195,0.1,0.01
1.196,0.1,0.01
1.197,0.1,0.01
1.198,0.1,0.01
1.199,0.1,0.01
1.2,0.1,0.01
1.201,0.1,0.01
1.202,0.1,0.01
1.203,0.1,0.01
1.204,0.1,0.01
1.205,0.1,0.01
1.206,0.1,0.01
1.207,0.1,0.01
1.208,0.1,0.01
1.209,0.1,0.01
1.21,0.1,0.01
1.211,0.1,0.01
1.212,0.1,0.01
1.213,0.1,0.01
1.214,0.1,0.01
1.215,0.1,0.01
1.216,0.1,0.01
1.217,0.1,0.01
1.218,0.1,0.01
1.219,0.1,0.01
1.22,0.1,0.01
1.221,0.1,0.01
1.222,0.1,0.01
1.223,0.1,0.01
1.224,0.1,0.01
1.225,0.1,0.01
1.226,0.1,0.01
1.227,0.1,0.01
1.228,0.1,0.01
1.229,0.1,0.01
1.23,0.1,0.01
1.231,0.1,0.01
1.232,0.1,0.01
1.233,0.1,0.01
1.234,0.1,0.01
1.235,0.1,0.01
1.236,0.1,0.01
1.237,0.1,0.01
1.238,0.1,0.01
1.239,0.1,0.01
1.24,0.1,0.01
1.241,0.1,0.01
1.242,0.1,0.01
1.243,0.1,0.01
1.244,0.1,0.01
1.245,0.1,0.01
1.246,0.1,0.01
1.247,0.1,0.01
1.248,0.1,0.01
1.249,0.1,0.01
1.25,0.1,0.01
1.251,0.1,0.01
1.252,0.1,0.01
1.253,0.1,0.01
1.254,0.1,0.01
1.255,0.1,0.01
1.256,0.1,0.01
1.257,0.1,0.01
1.258,0.1,0.01
1.259,0.1,0.01
1.26,0.1,0.01
1.261,0.1,0.01
1.262,0.1,0.01
1.263,0.1,0.01
1.264,0.1,0.01
1.265,0.1,0.01
1.266,0.1,0.01
1.267,0.1,0.01
1.268,0.1,0.01
1.269,0.1,0.01
1.27,0.1,0.01
1.271,0.1,0.01
1.272,0.1,0.01
1.273,0.1,0.01
1.274,0.1,0.01
1.275,0.1,0.01
1.276,0.1,0.01
1.277,0.1,0.01
1.278,0.1,0.01
1.279,0.1,0.01
1.28,0.1,0.01
1.281,0.1,0.01
1.282,0.1,0.01
1.283,0.1,0.01
1.284,0.1,0.01
1.285,0.1,0.01
1.286,0.1,0.01
1.287,0.1,0.01
1.288,0.1,0.01
1.289,0.1,0.01
1.29,0.1,0.01
1.291,0.1,0.01
1.292,0.1,0.01
1.293,0.1,0.01
1.294,0.1,0.01
1.295,0.1,0.01
1.296,0.1,0.01
1.297,0.1,0.01
1.298,0.1,0.01
1.299,0.1,0.01
1.3,0.1,0.01
1.301,0.1,0.01
1.302,0.1,0.01
1.303,0.1,0.01
1.304,0.1,0.01
1.305,0.1,0.01
1.306,0.1,0.01
1.307,0.1,0.01
1.308,0.1,0.01
1.309,0.1,0.01
1.31,0.1,0.01
1.311,0.1,0.01
1.312,0.1,0.01
1.313,0.1,0.01
1.314,0.1,0.01
1.315,0.1,0.01
1.316,0.1,0.01
1.317,0.1,0.01
1.318,0.1,0.01
1.319,0.1,0.01
1.32,0.1,0.01
1.321,0.1,0.01
1.322,0.1,0.01
1.323,0.1,0.01
1.324,0.1,0.01
1.325,0.1,0.01
1.326,0.1,0.01
1.327,0.1,0.01
1.328,0.1,0.01
1.329,0.1,0.01
1.33,0.1,0.01
1.331,0.1,0.01
1.332,0.1,0.01
1.333,0.1,0.01
1.334,0.1,0.01
1.335,0.1,0.01
1.336,0.1,0.01
1.337,0.1,0.01
1.338,0.1,0.01
1.339,0.1,0.01
1.34,0.1,0.01
1.341,0.1,0.01
1.342,0.1,0.01
1.343,0.1,0.01
1.344,0.1,0.01
1.345,0.1,0.01
1.346,0.1,0.01
1.347,0.1,0.01
1.348,0.1,0.01
1.349,0.1,0.01
1.35,0.1,0.01
1.351,0.1,0.01
1.352,0.1,0.01
1.353,0.1,0.01
1.354,0.1,0.01
1.355,0.1,0.01
1.356,0.1,0.01
1.357,0.1,0.01
1.358,0.1,0.01
1.359,0.1,0.01
1.36,0.1,0.01
1.361,0.1,0.01
1.362,0.1,0.01
1.363,0.1,0.01
1.364,0.1,0.01
1.365,0.1,0.01
1.366,0.1,0.01
1.367,0.1,0.01
1.368,0.1,0.01
1.369,0.1,0.01
1.37,0.1,0.01
1.371,0.1,0.01
1.372,0.1,0.01
1.373,0.1,0.01
1.374,0.1,0.01
1.375,0.1,0.01
1.376,0.1,0.01
1.377,0.1,0.01
1.378,0.1,0.01
1.379,0.1,0.01
1.38,0.1,0.01
1.381,0.1,0.01
1.382,0.1,0.01
1.383,0.1,0.01
1.384,0.1,0.01
1.385,0.1,0.01
1.386,0.1,0.01
1.387,0.1,0.01
1.388,0.1,0.01
1.389,0.1,0.01
1.39,0.1,0.01
1.391,0.1,0.01
1.392,0.1,0.01
1.393,0.1,0.01
1.394,0.1,0.01
1.395,0.1,0.01
1.396,0.1,0.01
1.397,0.1,0.01
1.398,0.1,0.01
1.399,0.1,0.01
1.4,0.1,0.01
1.401,0.1,0.01
1.402,0.1,0.01
1.403,0.1,0.01
1.404,0.1,0.01
1.405,0.1,0.01
1.406,0.1,0.01
1.407,0.1,0.01
1.408,0.1,0.01
1.409,0.1,0.01
1.41,0.1,0.01
1.411,0.1,0.01
1.412,0.1,0.01
1.413,0.1,0.01
1.414,0.1,0.01
1.415,0.1,0.01
1.416,0.1,0.01
1.417,0.1,0.01
1.418,0.1,0.01
1.419,0.1,0.01
1.42,0.1,0.01
1.421,0.1,0.01
1.422,0.1,0.01
1.423,0.1,0.01
1.424,0.1,0.01
1.425,0.1,0.01
1.426,0.1,0.01
1.427,0.1,0.01
1.428,0.1,0.01
1.429,0.1,0.01
1.43,0.1,0.01
1.431,0.1,0.01
1.432,0.1,0.01
1.433,0.1,0.01
1.434,0.1,0.01
1.435,0.1,0.01
1.436,0.1,0.01
1.437,0.1,0.01
1.438,0.1,0.01
1.439,0.1,0.01
1.44,0.1,0.01
1.441,0.1,0.01
1.442,0.1,0.01
1.443,0.1,0.01
1.444,0.1,0.01
1.445,0.1,0.01
1.446,0.1,0.01
1.447,0.1,0.01
1.448,0.1,0.01
1.449,0.1,0.01
1.45,0.1,0.01
1.451,0.1,0.01
1.452,0.1,0.01
1.453,0.1,0.01
1.454,0.1,0.01
1.455,0.1,0.01
1.456,0.1,0.01
1.457,0.1,0.01
1.458,0.1,0.01
1.459,0.1,0.01
1.46,0.1,0.01
1.461,0.1,0.01
1.462,0.1,0.01
1.463,0.1,0.01
1.464,0.1,0.01
1.465,0.1,0.01
1.466,0.1,0.01
1.467,0.1,0.01
1.468,0.1,0.01
1.469,0.1,0.01
1.47,0.1,0.01
1.471,0.1,0.01
1.472,0.1,0.01
1.473,0.1,0.01
1.474,0.1,0.01
1.475,0.1,0.01
1.476,0.1,0.01
1.477,0.1,0.01
1.478,0.1,0.01
1.479,0.1,0.01
1.48,0.1,0.01
1.481,0.1,0.01
1.482,0.1,0.01
1.483,0.1,0.01
1.484,0.1,0.01
1.485,0.1,0.01
1.486,0.1,0.01
1.487,0.1,0.01
1.488,0.1,0.01
1.489,0.1,0.01
1.49,0.1,0.01
1.491,0.1,0.01
1.492,0.1,0.01
1.493,0.1,0.01
1.494,0.1,0.01
1.495,0.1,0.01
1.496,0.1,0.01
1.497,0.1,0.01
1.498,0.1,0.01
1.499,0.1,0.01
1.5,0.1,0.01
1.501,0.1,0.01
1.502,0.1,0.01
1.503,0.1,0.01
1.504,0.1,0.01
1.505,0.1,0.01
1.506,0.1,0.01
1.507,0.1,0.01
1.508,0.1,0.01
1.509,0.1,0.01
1.51,0.1,0.01
1.511,0.1,0.01
1.512,0.1,0.01
1.513,0.1,0.01
1.514,0.1,0.01
1.515,0.1,0.01
1.516,0.1,0.01
1.517,0.1,0.01
1.518,0.1,0.01
1.519,0.1,0.01
1.52,0.1,0.01
1.521,0.1,0.01
1.522,0.1,0.01
1.523,0.1,0.01
1.524,0.1,0.01
1.525,0.1,0.01
1.526,0.1,0.01
1.527,0.1,0.01
1.528,0.1,0.01
1.529,0.1,0.01
1.53,0.1,0.01
1.531,0.1,0.01
1.532,0.1,0.01
1.533,0.1,0.01
1.534,0.1,0.01
1.535,0.1,0.01
1.536,0.1,0.01
1.537,0.1,0.01
1.538,0.1,0.01
1.539,0.1,0.01
1.54,0.1,0.01
1.541,0.1,0.01
1.542,0.1,0.01
1.543,0.1,0.01
1.544,0.1,0.01
1.545,0.1,0.01
1.546,0.1,0.01
1.547,0.1,0.01
1.548,0.1,0.01
1.549,0.1,0.01
1.55,0.1,0.01
1.551,0.1,0.01
1.552,0.1,0.01
1.553,0.1,0.01
1.554,0.1,0.01
1.555,0.1,0.01
1.556,0.1,0.01
1.557,0.1,0.01
1.558,0.1,0.01
1.559,0.1,0.01
1.56,0.1,0.01
1.561,0.1,0.01
1.562,0.1,0.01
1.563,0.1,0.01
1.564,0.1,0.01
1.565,0.1,0.01
1.566,0.1,0.01
1.567,0.1,0.01
1.568,0.1,0.01
1.569,0.1,0.01
1.57,0.1,0.01
1.571,0.1,0.01
1.572,0.1,0.01
1.573,0.1,0.01
1.574,0.1,0.01
1.575,0.1,0.01
1.576,0.1,0.01
1.577,0.1,0.01
1.578,0.1,0.01
1.579,0.1,0.01
1.58,0.1,0.01
1.581,0.1,0.01
1.582,0.1,0.01
1.583,0.1,0.01
1.584,0.1,0.01
1.585,0.1,0.01
1.586,0.1,0.01
1.587,0.1,0.01
1.588,0.1,0.01
1.589,0.1,0.01
1.59,0.1,0.01
1.591,0.1,0.01
1.592,0.1,0.01
1.593,0.1,0.01
1.594,0.1,0.01
1.595,0.1,0.01
1.596,0.1,0.01
1.597,0.1,0.01
1.598,0.1,0.01
1.599,0.1,0.01
1.6,0.1,0.01
1.601,0.1,0.01
1.602,0.1,0.01
1.603,0.1,0.01
1.604,0.1,0.01
1.605,0.1,0.01
1.606,0.1,0.01
1.607,0.1,0.01
1.608,0.1,0.01
1.609,0.1,0.01
1.61,0.1,0.01
1.611,0.1,0.01
1.612,0.1,0.01
1.613,0.1,0.01
1.614,0.1,0.01
1.615,0.1,0.01
1.616,0.1,0.01
1.617,0.1,0.01
1.618,0.1,0.01
1.619,0.1,0.01
1.62,0.1,0.01
1.621,0.1,0.01
1.622,0.1,0.01
1.623,0.1,0.01
1.624,0.1,0.01
1.625,0.1,0.01
1.626,0.1,0.01
1.627,0.1,0.01
1.628,0.1,0.01
1.629,0.1,0.01
1.63,0.1,0.01
1.631,0.1,0.01
1.632,0.1,0.01
1.633,0.1,0.01
1.634,0.1,0.01
1.635,0.1,0.01
1.636,0.1,0.01
1.637,0.1,0.01
1.638,0.1,0.01
1.639,0.1,0.01
1.64,0.1,0.01
1.641,0.1,0.01
1.642,0.1,0.01
1.643,0.1,0.01
1.644,0.1,0.01
1.645,0.1,0.01
1.646,0.1,0.01
1.647,0.1,0.01
1.648,0.1,0.01
1.649,0.1,0.01
1.65,0.1,0.01
1.651,0.1,0.01
1.652,0.1,0.01
1.653,0.1,0.01
1.654,0.1,0.01
1.655,0.1,0.01
1.656,0.1,0.01
1.657,0.1,0.01
1.658,0.1,0.01
1.659,0.1,0.01
1.66,0.1,0.01
1.661,0.1,0.01
1.662,0.1,0.01
1.663,0.1,0.01
1.664,0.1,0.01
1.665,0.1,0.01
1.666,0.1,0.01
1.667,0.1,0.01
1.668,0.1,0.01
1.669,0.1,0.01
1.67,0.1,0.01
1.671,0.1,0.01
1.672,0.1,0.01
1.673,0.1,0.01
1.674,0.1,0.01
1.675,0.1,0.01
1.676,0.1,0.01
1.677,0.1,0.01
1.678,0.1,0.01
1.679,0.1,0.01
1.68,0.1,0.01
1.681,0.1,0.01
1.682,0.1,0.01
1.683,0.1,0.01
1.684,0.1,0.01
1.685,0.1,0.01
1.686,0.1,0.01
1.687,0.1,0.01
1.688,0.1,0.01
1.689,0.1,0.01
1.69,0.1,0.01
1.691,0.1,0.01
1.692,0.1,0.01
1.693,0.1,0.01
1.694,0.1,0.01
1.695,0.1,0.01
1.696,0.1,0.01
1.697,0.1,0.01
1.698,0.1,0.01
1.699,0.1,0.01
1.7,0.1,0.01
1.701,0.1,0.01
1.702,0.1,0.01
1.703,0.1,0.01
1.704,0.1,0.01
1.705,0.1,0.01
1.706,0.1,0.01
1.707,0.1,0.01
1.708,0.1,0.01
1.709,0.1,0.01
1.71,0.1,0.01
1.711,0.1,0.01
1.712,0.1,0.01
1.713,0.1,0.01
1.714,0.1,0.01
1.715,0.1,0.01
1.716,0.1,0.01
1.717,0.1,0.01
1.718,0.1,0.01
1.719,0.1,0.01
1.72,0.1,0.01
1.721,0.1,0.01
1.722,0.1,0.01
1.723,0.1,0.01
1.724,0.1,0.01
1.725,0.1,0.01
1.726,0.1,0.01
1.727,0.1,0.01
1.728,0.1,0.01
1.729,0.1,0.01
1.73,0.1,0.01
1.731,0.1,0.01
1.732,0.1,0.01
1.733,0.1,0.01
1.734,0.1,0.01
1.735,0.1,0.01
1.736,0.1,0.01
1.737,0.1,0.01
1.738,0.1,0.01
1.739,0.1,0.01
1.74,0.1,0.01
1.741,0.1,0.01
1.742,0.1,0.01
1.743,0.1,0.01
1.744,0.1,0.01
1.745,0.1,0.01
1.746,0.1,0.01
1.747,0.1,0.01
1.748,0.1,0.01
1.749,0.1,0.01
1.75,0.1,0.01
1.751,0.1,0.01
1.752,0.1,0.01
1.753,0.1,0.01
1.754,0.1,0.01
1.755,0.1,0.01
1.756,0.1,0.01
1.757,0.1,0.01
1.758,0.1,0.01
1.759,0.1,0.01
1.76,0.1,0.01
1.761,0.1,0.01
1.762,0.1,0.01
1.763,0.1,0.01
1.764,0.1,0.01
1.765,0.1,0.01
1.766,0.1,0.01
1.767,0.1,0.01
1.768,0.1,0.01
1.769,0.1,0.01
1.77,0.1,0.01
1.771,0.1,0.01
1.772,0.1,0.01
1.773,0.1,0.01
1.774,0.1,0.01
1.775,0.1,0.01
1.776,0.1,0.01
1.777,0.1,0.01
1.778,0.1,0.01
1.779,0.1,0.01
1.78,0.1,0.01
1.781,0.1,0.01
1.782,0.1,0.01
1.783,0.1,0.01
1.784,0.1,0.01
1.785,0.1,0.01
1.786,0.1,0.01
1.787,0.1,0.01
1.788,0.1,0.01
1.789,0.1,0.01
1.79,0.1,0.01
1.791,0.1,0.01
1.792,0.1,0.01
1.793,0.1,0.01
1.794,0.1,0.01
1.795,0.1,0.01
1.796,0.1,0.01
1.797,0.1,0.01
1.798,0.1,0.01
1.799,0.1,0.01
1.8,0.1,0.01
1.801,0.1,0.01
1.802,0.1,0.01
1.803,0.1,0.01
1.804,0.1,0.01
1.805,0.1,0.01
1.806,0.1,0.01
1.807,0.1,0.01
1.808,0.1,0.01
1.809,0.1,0.01
1.81,0.1,0.01
1.811,0.1,0.01
1.812,0.1,0.01
1.813,0.1,0.01
1.814,0.1,0.01
1.815,0.1,0.01
1.816,0.1,0.01
1.817,0.1,0.01
1.818,0.1,0.01
1.819,0.1,0.01
1.82,0.1,0.01
1.821,0.1,0.01
1.822,0.1,0.01
1.823,0.1,0.01
1.824,0.1,0.01
1.825,0.1,0.01
1.826,0.1,0.01
1.827,0.1,0.01
1.828,0.1,0.01
1.829,0.1,0.01
1.83,0.1,0.01
1.831,0.1,0.01
1.832,0.1,0.01
1.833,0.1,0.01
1.834,0.1,0.01
1.835,0.1,0.01
1.836,0.1,0.01
1.837,0.1,0.01
1.838,0.1,0.01
1.839,0.1,0.01
1.84,0.1,0.01
1.841,0.1,0.01
1.842,0.1,0.01
1.843,0.1,0.01
1.844,0.1,0.01
1.845,0.1,0.01
1.846,0.1,0.01
1.847,0.1,0.01
1.848,0.1,0.01
1.849,0.1,0.01
1.85,0.1,0.01
1.851,0.1,0.01
1.852,0.1,0.01
1.853,0.1,0.01
1.854,0.1,0.01
1.855,0.1,0.01
1.856,0.1,0.01
1.857,0.1,0.01
1.858,0.1,0.01
1.859,0.1,0.01
1.86,0.1,0.01
1.861,0.1,0.01
1.862,0.1,0.01
1.863,0.1,0.01
1.864,0.1,0.01
1.865,0.1,0.01
1.866,0.1,0.01
1.867,0.1,0.01
1.868,0.1,0.01
1.869,0.1,0.01
1.87,0.1,0.01
1.871,0.1,0.01
1.872,0.1,0.01
1.873,0.1,0.01
1.874,0.1,0.01
1.875,0.1,0.01
1.876,0.1,0.01
1.877,0.1,0.01
1.878,0.1,0.01
1.879,0.1,0.01
1.88,0.1,0.01
1.881,0.1,0.01
1.882,0.1,0.01
1.883,0.1,0.01
1.884,0.1,0.01
1.885,0.1,0.01
1.886,0.1,0.01
1.887,0.1,0.01
1.888,0.1,0.01
1.889,0.1,0.01
1.89,0.1,0.01
1.891,0.1,0.01
1.892,0.1,0.01
1.893,0.1,0.01
1.894,0.1,0.01
1.895,0.1,0.01
1.896,0.1,0.01
1.897,0.1,0.01
1.898,0.1,0.01
1.899,0.1,0.01
1.9,0.1,0.01
1.901,0.1,0.01
1.902,0.1,0.01
1.903,0.1,0.01
1.904,0.1,0.01
1.905,0.1,0.01
1.906,0.1,0.01
1.907,0.1,0.01
1.908,0.1,0.01
1.909,0.1,0.01
1.91,0.1,0.01
1.911,0.1,0.01
1.912,0.1,0.01
1.913,0.1,0.01
1.914,0.1,0.01
1.915,0.1,0.01
1.916,0.1,0.01
1.917,0.1,0.01
1.918,0.1,0.01
1.919,0.1,0.01
1.92,0.1,0.01
1.921,0.1,0.01
1.922,0.1,0.01
1.923,0.1,0.01
1.924,0.1,0.01
1.925,0.1,0.01
1.926,0.1,0.01
1.927,0.1,0.01
1.928,0.1,0.01
1.929,0.1,0.01
1.93,0.1,0.01
1.931,0.1,0.01
1.932,0.1,0.01
1.933,0.1,0.01
1.934,0.1,0.01
1.935,0.1,0.01
1.936,0.1,0.01
1.937,0.1,0.01
1.938,0.1,0.01
1.939,0.1,0.01
1.94,0.1,0.01
1.941,0.1,0.01
1.942,0.1,0.01
1.943,0.1,0.01
1.944,0.1,0.01
1.945,0.1,0.01
1.946,0.1,0.01
1.947,0.1,0.01
1.948,0.1,0.01
1.949,0.1,0.01
1.95,0.1,0.01
1.951,0.1,0.01
1.952,0.1,0.01
1.953,0.1,0.01
1.954,0.1,0.01
1.955,0.1,0.01
1.956,0.1,0.01
1.957,0.1,0.01
1.958,0.1,0.01
1.959,0.1,0.01
1.96,0.1,0.01
1.961,0.1,0.01
1.962,0.1,0.01
1.963,0.1,0.01
1.964,0.1,0.01
1.965,0.1,0.01
1.966,0.1,0.01
1.967,0.1,0.01
1.968,0.1,0.01
1.969,0.1,0.01
1.97,0.1,0.01
1.971,0.1,0.01
1.972,0.1,0.01
1.973,0.1,0.01
1.974,0.1,0.01
1.975,0.1,0.01
1.976,0.1,0.01
1.977,0.1,0.01
1.978,0.1,0.01
1.979,0.1,0.01
1.98,0.1,0.01
1.981,0.1,0.01
1.982,0.1,0.01
1.983,0.1,0.01
1.984,0.1,0.01
1.985,0.1,0.01
1.986,0.1,0.01
1.987,0.1,0.01
1.988,0.1,0.01
1.989,0.1,0.01
1.99,0.1,0.01
1.991,0.1,0.01
1.992,0.1,0.01
1.993,0.1,0.01
1.994,0.1,0.01
1.995,0.1,0.01
1.996,0.1,0.01
1.997,0.1,0.01
1.998,0.1,0.01
1.999,0.1,0.01
2,0.1,0.01
2.001,0.1,0.01
2.002,0.1,0.01
2.003,0.1,0.01
2.004,0.1,0.01
2.005,0.1,0.01
2.006,0.1,0.01
2.007,0.1,0.01
2.008,0.1,0.01
2.009,0.1,0.01
2.01,0.1,0.01
2.011,0.1,0.01
2.012,0.1,0.01
2.013,0.1,0.01
2.014,0.1,0.01
2.015,0.1,0.01
2.016,0.1,0.01
2.017,0.1,0.01
2.018,0.1,0.01
2.019,0.1,0.01
2.02,0.1,0.01
2.021,0.1,0.01
2.022,0.1,0.01
2.023,0.1,0.01
2.024,0.1,0.01
2.025,0.1,0.01
2.026,0.1,0.01
2.027,0.1,0.01
2.028,0.1,0.01
2.029,0.1,0.01
2.03,0.1,0.01
2.031,0.1,0.01
2.032,0.1,0.01
2.033,0.1,0.01
2.034,0.1,0.01
2.035,0.1,0.01
2.036,0.1,0.01
2.037,0.1,0.01
2.038,0.1,0.01
2.039,0.1,0.01
2.04,0.1,0.01
2.041,0.1,0.01
2.042,0.1,0.01
2.043,0.1,0.01
2.044,0.1,0.01
2.045,0.1,0.01
2.046,0.1,0.01
2.047,0.1,0.01
2.048,0.1,0.01
2.049,0.1,0.01
2.05,0.1,0.01
2.051,0.1,0.01
2.052,0.1,0.01
2.053,0.1,0.01
2.054,0.1,0.01
2.055,0.1,0.01
2.056,0.1,0.01
2.057,0.1,0.01
2.058,0.1,0.01
2.059,0.1,0.01
2.06,0.1,0.01
2.061,0.1,0.01
2.062,0.1,0.01
2.063,0.1,0.01
2.064,0.1,0.01
2.065,0.1,0.01
2.066,0.1,0.01
2.067,0.1,0.01
2.068,0.1,0.01
2.069,0.1,0.01
2.07,0.1,0.01
2.071,0.1,0.01
2.072,0.1,0.01
2.073,0.1,0.01
2.074,0.1,0.01
2.075,0.1,0.01
2.076,0.1,0.01
2.077,0.1,0.01
2.078,0.1,0.01
2.079,0.1,0.01
2.08,0.1,0.01
2.081,0.1,0.01
2.082,0.1,0.01
2.083,0.1,0.01
2.084,0.1,0.01
2.085,0.1,0.01
2.086,0.1,0.01
2.087,0.1,0.01
2.088,0.1,0.01
2.089,0.1,0.01
2.09,0.1,0.01
2.091,0.1,0.01
2.092,0.1,0.01
2.093,0.1,0.01
2.094,0.1,0.01
2.095,0.1,0.01
2.096,0.1,0.01
2.097,0.1,0.01
2.098,0.1,0.01
2.099,0.1,0.01
2.1,0.1,0.01
2.101,0.1,0.01
2.102,0.1,0.01
2.103,0.1,0.01
2.104,0.1,0.01
2.105,0.1,0.01
2.106,0.1,0.01
2.107,0.1,0.01
2.108,0.1,0.01
2.109,0.1,0.01
2.11,0.1,0.01
2.111,0.1,0.01
2.112,0.1,0.01
2.113,0.1,0.01
2.114,0.1,0.01
2.115,0.1,0.01
2.116,0.1,0.01
2.117,0.1,0.01
2.118,0.1,0.01
2.119,0.1,0.01
2.12,0.1,0.01
2.121,0.1,0.01
2.122,0.1,0.01
2.123,0.1,0.01
2.124,0.1,0.01
2.125,0.1,0.01
2.126,0.1,0.01
2.127,0.1,0.01
2.128,0.1,0.01
2.129,0.1,0.01
2.13,0.1,0.01
2.131,0.1,0.01
2.132,0.1,0.01
2.133,0.1,0.01
2.134,0.1,0.01
2.135,0.1,0.01
2.136,0.1,0.01
2.137,0.1,0.01
2.138,0.1,0.01
2.139,0.1,0.01
2.14,0.1,0.01
2.141,0.1,0.01
2.142,0.1,0.01
2.143,0.1,0.01
2.144,0.1,0.01
2.145,0.1,0.01
2.146,0.1,0.01
2.147,0.1,0.01
2.148,0.1,0.01
2.149,0.1,0.01
2.15,0.1,0.01
2.151,0.1,0.01
2.152,0.1,0.01
2.153,0.1,0.01
2.154,0.1,0.01
2.155,0.1,0.01
2.156,0.1,0.01
2.157,0.1,0.01
2.158,0.1,0.01
2.159,0.1,0.01
2.16,0.1,0.01
2.161,0.1,0.01
2.162,0.1,0.01
2.163,0.1,0.01
2.164,0.1,0.01
2.165,0.1,0.01
2.166,0.1,0.01
2.167,0.1,0.01
2.168,0.1,0.01
2.169,0.1,0.01
2.17,0.1,0.01
2.171,0.1,0.01
2.172,0.1,0.01
2.173,0.1,0.01
2.174,0.1,0.01
2.175,0.1,0.01
2.176,0.1,0.01
2.177,0.1,0.01
2.178,0.1,0.01
2.179,0.1,0.01
2.18,0.1,0.01
2.181,0.1,0.01
2.182,0.1,0.01
2.183,0.1,0.01
2.184,0.1,0.01
2.185,0.1,0.01
2.186,0.1,0.01
2.187,0.1,0.01
2.188,0.1,0.01
2.189,0.1,0.01
2.19,0.1,0.01
2.191,0.1,0.01
2.192,0.1,0.01
2.193,0.1,0.01
2.194,0.1,0.01
2.195,0.1,0.01
2.196,0.1,0.01
2.197,0.1,0.01
2.198,0.1,0.01
2.199,0.1,0.01
2.2,0.1,0.01
2.201,0.1,0.01
2.202,0.1,0.01
2.203,0.1,0.01
2.204,0.1,0.01
2.205,0.1,0.01
2.206,0.1,0.01
2.207,0.1,0.01
2.208,0.1,0.01
2.209,0.1,0.01
2.21,0.1,0.01
2.211,0.1,0.01
2.212,0.1,0.01
2.213,0.1,0.01
2.214,0.1,0.01
2.215,0.1,0.01
2.216,0.1,0.01
2.217,0.1,0.01
2.218,0.1,0.01
2.219,0.1,0.01
2.22,0.1,0.01
2.221,0.1,0.01
2.222,0.1,0.01
2.223,0.1,0.01
2.224,0.1,0.01
2.225,0.1,0.01
2.226,0.1,0.01
2.227,0.1,0.01
2.228,0.1,0.01
2.229,0.1,0.01
2.23,0.1,0.01
2.231,0.1,0.01
2.232,0.1,0.01
2.233,0.1,0.01
2.234,0.1,0.01
2.235,0.1,0.01
2.236,0.1,0.01
2.237,0.1,0.01
2.238,0.1,0.01
2.239,0.1,0.01
2.24,0.1,0.01
2.241,0.1,0.01
2.242,0.1,0.01
2.243,0.1,0.01
2.244,0.1,0.01
2.245,0.1,0.01
2.246,0.1,0.01
2.247,0.1,0.01
2.248,0.1,0.01
2.249,0.1,0.01
2.25,0.1,0.01
2.251,0.1,0.01
2.252,0.1,0.01
2.253,0.1,0.01
2.254,0.1,0.01
2.255,0.1,0.01
2.256,0.1,0.01
2.257,0.1,0.01
2.258,0.1,0.01
2.259,0.1,0.01
2.26,0.1,0.01
2.261,0.1,0.01
2.262,0.1,0.01
2.263,0.1,0.01
2.264,0.1,0.01
2.265,0.1,0.01
2.266,0.1,0.01
2.267,0.1,0.01
2.268,0.1,0.01
2.269,0.1,0.01
2.27,0.1,0.01
2.271,0.1,0.01
2.272,0.1,0.01
2.273,0.1,0.01
2.274,0.1,0.01
2.275,0.1,0.01
2.276,0.1,0.01
2.277,0.1,0.01
2.278,0.1,0.01
2.279,0.1,0.01
2.28,0.1,0.01
2.281,0.1,0.01
2.282,0.1,0.01
2.283,0.1,0.01
2.284,0.1,0.01
2.285,0.1,0.01
2.286,0.1,0.01
2.287,0.1,0.01
2.288,0.1,0.01
2.289,0.1,0.01
2.29,0.1,0.01
2.291,0.1,0.01
2.292,0.1,0.01
2.293,0.1,0.01
2.294,0.1,0.01
2.295,0.1,0.01
2.296,0.1,0.01
2.297,0.1,0.01
2.298,0.1,0.01
2.299,0.1,0.01
2.3,0.1,0.01
2.301,0.1,0.01
2.302,0.1,0.01
2.303,0.1,0.01
2.304,0.1,0.01
2.305,0.1,0.01
2.306,0.1,0.01
2.307,0.1,0.01
2.308,0.1,0.01
2.309,0.1,0.01
2.31,0.1,0.01
2.311,0.1,0.01
2.312,0.1,0.01
2.313,0.1,0.01
2.314,0.1,0.01
2.315,0.1,0.01
2.316,0.1,0.01
2.317,0.1,0.01
2.318,0.1,0.01
2.319,0.1,0.01
2.32,0.1,0.01
2.321,0.1,0.01
2.322,0.1,0.01
2.323,0.1,0.01
2.324,0.1,0.01
2.325,0.1,0.01
2.326,0.1,0.01
2.327,0.1,0.01
2.328,0.1,0.01
2.329,0.1,0.01
2.33,0.1,0.01
2.331,0.1,0.01
2.332,0.1,0.01
2.333,0.1,0.01
2.334,0.1,0.01
2.335,0.1,0.01
2.336,0.1,0.01
2.337,0.1,0.01
2.338,0.1,0.01
2.339,0.1,0.01
2.34,0.1,0.01
2.341,0.1,0.01
2.342,0.1,0.01
2.343,0.1,0.01
2.344,0.1,0.01
2.345,0.1,0.01
2.346,0.1,0.01
2.347,0.1,0.01
2.348,0.1,0.01
2.349,0.1,0.01
2.35,0.1,0.01
2.351,0.1,0.01
2.352,0.1,0.01
2.353,0.1,0.01
2.354,0.1,0.01
2.355,0.1,0.01
2.356,0.1,0.01
2.357,0.1,0.01
2.358,0.1,0.01
2.359,0.1,0.01
2.36,0.1,0.01
2.361,0.1,0.01
2.362,0.1,0.01
2.363,0.1,0.01
2.364,0.1,0.01
2.365,0.1,0.01
2.366,0.1,0.01
2.367,0.1,0.01
2.368,0.1,0.01
2.369,0.1,0.01
2.37,0.1,0.01
2.371,0.1,0.01
2.372,0.1,0.01
2.373,0.1,0.01
2.374,0.1,0.01
2.375,0.1,0.01
2.376,0.1,0.01
2.377,0.1,0.01
2.378,0.1,0.01
2.379,0.1,0.01
2.38,0.1,0.01
2.381,0.1,0.01
2.382,0.1,0.01
2.383,0.1,0.01
2.384,0.1,0.01
2.385,0.1,0.01
2.386,0.1,0.01
2.387,0.1,0.01
2.388,0.1,0.01
2.389,0.1,0.01
2.39,0.1,0.01
2.391,0.1,0.01
2.392,0.1,0.01
2.393,0.1,0.01
2.394,0.1,0.01
2.395,0.1,0.01
2.396,0.1,0.01
2.397,0.1,0.01
2.398,0.1,0.01
2.399,0.1,0.01
2.4,0.1,0.01
2.401,0.1,0.01
2.402,0.1,0.01
2.403,0.1,0.01
2.404,0.1,0.01
2.405,0.1,0.01
2.406,0.1,0.01
2.407,0.1,0.01
2.408,0.1,0.01
2.409,0.1,0.01
2.41,0.1,0.01
2.411,0.1,0.01
2.412,0.1,0.01
2.413,0.1,0.01
2.414,0.1,0.01
2.415,0.1,0.01
2.416,0.1,0.01
2.417,0.1,0.01
2.418,0.1,0.01
2.419,0.1,0.01
2.42,0.1,0.01
2.421,0.1,0.01
2.422,0.1,0.01
2.423,0.1,0.01
2.424,0.1,0.01
2.425,0.1,0.01
2.426,0.1,0.01
2.427,0.1,0.01
2.428,0.1,0.01
2.429,0.1,0.01
2.43,0.1,0.01
2.431,0.1,0.01
2.432,0.1,0.01
2.433,0.1,0.01
2.434,0.1,0.01
2.435,0.1,0.01
2.436,0.1,0.01
2.437,0.1,0.01
2.438,0.1,0.01
2.439,0.1,0.01
2.44,0.1,0.01
2.441,0.1,0.01
2.442,0.1,0.01
2.443,0.1,0.01
2.444,0.1,0.01
2.445,0.1,0.01
2.446,0.1,0.01
2.447,0.1,0.01
2.448,0.1,0.01
2.449,0.1,0.01
2.45,0.1,0.01
2.451,0.1,0.01
2.452,0.1,0.01
2.453,0.1,0.01
2.454,0.1,0.01
2.455,0.1,0.01
2.456,0.1,0.01
2.457,0.1,0.01
2.458,0.1,0.01
2.459,0.1,0.01
2.46,0.1,0.01
2.461,0.1,0.01
2.462,0.1,0.01
2.463,0.1,0.01
2.464,0.1,0.01
2.465,0.1,0.01
2.466,0.1,0.01
2.467,0.1,0.01
2.468,0.1,0.01
2.469,0.1,0.01
2.47,0.1,0.01
2.471,0.1,0.01
2.472,0.1,0.01
2.473,0.1,0.01
2.474,0.1,0.01
2.475,0.1,0.01
2.476,0.1,0.01
2.477,0.1,0.01
2.478,0.1,0.01
2.479,0.1,0.01
2.48,0.1,0.01
2.481,0.1,0.01
2.482,0.1,0.01
2.483,0.1,0.01
2.484,0.1,0.01
2.485,0.1,0.01
2.486,0.1,0.01
2.487,0.1,0.01
2.488,0.1,0.01
2.489,0.1,0.01
2.49,0.1,0.01
2.491,0.1,0.01
2.492,0.1,0.01
2.493,0.1,0.01
2.494,0.1,0.01
2.495,0.1,0.01
2.496,0.1,0.01
2.497,0.1,0.01
2.498,0.1,0.01
2.499,0.1,0.01
2.5,0.1,0.01
2.501,0.1,0.01
2.502,0.1,0.01
2.503,0.1,0.01
2.504,0.1,0.01
2.505,0.1,0.01
2.506,0.1,0.01
2.507,0.1,0.01
2.508,0.1,0.01
2.509,0.1,0.01
2.51,0.1,0.01
2.511,0.1,0.01
2.512,0.1,0.01
2.513,0.1,0.01
2.514,0.1,0.01
2.515,0.1,0.01
2.516,0.1,0.01
2.517,0.1,0.01
2.518,0.1,0.01
2.519,0.1,0.01
2.52,0.1,0.01
2.521,0.1,0.01
2.522,0.1,0.01
2.523,0.1,0.01
2.524,0.1,0.01
2.525,0.1,0.01
2.526,0.1,0.01
2.527,0.1,0.01
2.528,0.1,0.01
2.529,0.1,0.01
2.53,0.1,0.01
2.531,0.1,0.01
2.532,0.1,0.01
2.533,0.1,0.01
2.534,0.1,0.01
2.535,0.1,0.01
2.536,0.1,0.01
2.537,0.1,0.01
2.538,0.1,0.01
2.539,0.1,0.01
2.54,0.1,0.01
2.541,0.1,0.01
2.542,0.1,0.01
2.543,0.1,0.01
2.544,0.1,0.01
2.545,0.1,0.01
2.546,0.1,0.01
2.547,0.1,0.01
2.548,0.1,0.01
2.549,0.1,0.01
2.55,0.1,0.01
2.551,0.1,0.01
2.552,0.1,0.01
2.553,0.1,0.01
2.554,0.1,0.01
2.555,0.1,0.01
2.556,0.1,0.01
2.557,0.1,0.01
2.558,0.1,0.01
2.559,0.1,0.01
2.56,0.1,0.01
2.561,0.1,0.01
2.562,0.1,0.01
2.563,0.1,0.01
2.564,0.1,0.01
2.565,0.1,0.01
2.566,0.1,0.01
2.567,0.1,0.01
2.568,0.1,0.01
2.569,0.1,0.01
2.57,0.1,0.01
2.571,0.1,0.01
2.572,0.1,0.01
2.573,0.1,0.01
2.574,0.1,0.01
2.575,0.1,0.01
2.576,0.1,0.01
2.577,0.1,0.01
2.578,0.1,0.01
2.579,0.1,0.01
2.58,0.1,0.01
2.581,0.1,0.01
2.582,0.1,0.01
2.583,0.1,0.01
2.584,0.1,0.01
2.585,0.1,0.01
2.586,0.1,0.01
2.587,0.1,0.01
2.588,0.1,0.01
2.589,0.1,0.01
2.59,0.1,0.01
2.591,0.1,0.01
2.592,0.1,0.01
2.593,0.1,0.01
2.594,0.1,0.01
2.595,0.1,0.01
2.596,0.1,0.01
2.597,0.1,0.01
2.598,0.1,0.01
2.599,0.1,0.01
2.6,0.1,0.01
2.601,0.1,0.01
2.602,0.1,0.01
2.603,0.1,0.01
2.604,0.1,0.01
2.605,0.1,0.01
2.606,0.1,0.01
2.607,0.1,0.01
2.608,0.1,0.01
2.609,0.1,0.01
2.61,0.1,0.01
2.611,0.1,0.01
2.612,0.1,0.01
2.613,0.1,0.01
2.614,0.1,0.01
2.615,0.1,0.01
2.616,0.1,0.01
2.617,0.1,0.01
2.618,0.1,0.01
2.619,0.1,0.01
2.62,0.1,0.01
2.621,0.1,0.01
2.622,0.1,0.01
2.623,0.1,0.01
2.624,0.1,0.01
2.625,0.1,0.01
2.626,0.1,0.01
2.627,0.1,0.01
2.628,0.1,0.01
2.629,0.1,0.01
2.63,0.1,0.01
2.631,0.1,0.01
2.632,0.1,0.01
2.633,0.1,0.01
2.634,0.1,0.01
2.635,0.1,0.01
2.636,0.1,0.01
2.637,0.1,0.01
2.638,0.1,0.01
2.639,0.1,0.01
2.64,0.1,0.01
2.641,0.1,0.01
2.642,0.1,0.01
2.643,0.1,0.01
2.644,0.1,0.01
2.645,0.1,0.01
2.646,0.1,0.01
2.647,0.1,0.01
2.648,0.1,0.01
2.649,0.1,0.01
2.65,0.1,0.01
2.651,0.1,0.01
2.652,0.1,0.01
2.653,0.1,0.01
2.654,0.1,0.01
2.655,0.1,0.01
2.656,0.1,0.01
2.657,0.1,0.01
2.658,0.1,0.01
2.659,0.1,0.01
2.66,0.1,0.01
2.661,0.1,0.01
2.662,0.1,0.01
2.663,0.1,0.01
2.664,0.1,0.01
2.665,0.1,0.01
2.666,0.1,0.01
2.667,0.1,0.01
2.668,0.1,0.01
2.669,0.1,0.01
2.67,0.1,0.01
2.671,0.1,0.01
2.672,0.1,0.01
2.673,0.1,0.01
2.674,0.1,0.01
2.675,0.1,0.01
2.676,0.1,0.01
2.677,0.1,0.01
2.678,0.1,0.01
2.679,0.1,0.01
2.68,0.1,0.01
2.681,0.1,0.01
2.682,0.1,0.01
2.683,0.1,0.01
2.684,0.1,0.01
2.685,0.1,0.01
2.686,0.1,0.01
2.687,0.1,0.01
2.688,0.1,0.01
2.689,0.1,0.01
2.69,0.1,0.01
2.691,0.1,0.01
2.692,0.1,0.01
2.693,0.1,0.01
2.694,0.1,0.01
2.695,0.1,0.01
2.696,0.1,0.01
2.697,0.1,0.01
2.698,0.1,0.01
2.699,0.1,0.01
2.7,0.1,0.01
2.701,0.1,0.01
2.702,0.1,0.01
2.703,0.1,0.01
2.704,0.1,0.01
2.705,0.1,0.01
2.706,0.1,0.01
2.707,0.1,0.01
2.708,0.1,0.01
2.709,0.1,0.01
2.71,0.1,0.01
2.711,0.1,0.01
2.712,0.1,0.01
2.713,0.1,0.01
2.714,0.1,0.01
2.715,0.1,0.01
2.716,0.1,0.01
2.717,0.1,0.01
2.718,0.1,0.01
2.719,0.1,0.01
2.72,0.1,0.01
2.721,0.1,0.01
2.722,0.1,0.01
2.723,0.1,0.01
2.724,0.1,0.01
2.725,0.1,0.01
2.726,0.1,0.01
2.727,0.1,0.01
2.728,0.1,0.01
2.729,0.1,0.01
2.73,0.1,0.01
2.731,0.1,0.01
2.732,0.1,0.01
2.733,0.1,0.01
2.734,0.1,0.01
2.735,0.1,0.01
2.736,0.1,0.01
2.737,0.1,0.01
2.738,0.1,0.01
2.739,0.1,0.01
2.74,0.1,0.01
2.741,0.1,0.01
2.742,0.1,0.01
2.743,0.1,0.01
2.744,0.1,0.01
2.745,0.1,0.01
2.746,0.1,0.01
2.747,0.1,0.01
2.748,0.1,0.01
2.749,0.1,0.01
2.75,0.1,0.01
2.751,0.1,0.01
2.752,0.1,0.01
2.753,0.1,0.01
2.754,0.1,0.01
2.755,0.1,0.01
2.756,0.1,0.01
2.757,0.1,0.01
2.758,0.1,0.01
2.759,0.1,0.01
2.76,0.1,0.01
2.761,0.1,0.01
2.762,0.1,0.01
2.763,0.1,0.01
2.764,0.1,0.01
2.765,0.1,0.01
2.766,0.1,0.01
2.767,0.1,0.01
2.768,0.1,0.01
2.769,0.1,0.01
2.77,0.1,0.01
2.771,0.1,0.01
2.772,0.1,0.01
2.773,0.1,0.01
2.774,0.1,0.01
2.775,0.1,0.01
2.776,0.1,0.01
2.777,0.1,0.01
2.778,0.1,0.01
2.779,0.1,0.01
2.78,0.1,0.01
2.781,0.1,0.01
2.782,0.1,0.01
2.783,0.1,0.01
2.784,0.1,0.01
2.785,0.1,0.01
2.786,0.1,0.01
2.787,0.1,0.01
2.788,0.1,0.01
2.789,0.1,0.01
2.79,0.1,0.01
2.791,0.1,0.01
2.792,0.1,0.01
2.793,0.1,0.01
2.794,0.1,0.01
2.795,0.1,0.01
2.796,0.1,0.01
2.797,0.1,0.01
2.798,0.1,0.01
2.799,0.1,0.01
2.8,0.1,0.01
2.801,0.1,0.01
2.802,0.1,0.01
2.803,0.1,0.01
2.804,0.1,0.01
2.805,0.1,0.01
2.806,0.1,0.01
2.807,0.1,0.01
2.808,0.1,0.01
2.809,0.1,0.01
2.81,0.1,0.01
2.811,0.1,0.01
2.812,0.1,0.01
2.813,0.1,0.01
2.814,0.1,0.01
2.815,0.1,0.01
2.816,0.1,0.01
2.817,0.1,0.01
2.818,0.1,0.01
2.819,0.1,0.01
2.82,0.1,0.01
2.821,0.1,0.01
2.822,0.1,0.01
2.823,0.1,0.01
2.824,0.1,0.01
2.825,0.1,0.01
2.826,0.1,0.01
2.827,0.1,0.01
2.828,0.1,0.01
2.829,0.1,0.01
2.83,0.1,0.01
2.831,0.1,0.01
2.832,0.1,0.01
2.833,0.1,0.01
2.834,0.1,0.01
2.835,0.1,0.01
2.836,0.1,0.01
2.837,0.1,0.01
2.838,0.1,0.01
2.839,0.1,0.01
2.84,0.1,0.01
2.841,0.1,0.01
2.842,0.1,0.01
2.843,0.1,0.01
2.844,0.1,0.01
2.845,0.1,0.01
2.846,0.1,0.01
2.847,0.1,0.01
2.848,0.1,0.01
2.849,0.1,0.01
2.85,0.1,0.01
2.851,0.1,0.01
2.852,0.1,0.01
2.853,0.1,0.01
2.854,0.1,0.01
2.855,0.1,0.01
2.856,0.1,0.01
2.857,0.1,0.01
2.858,0.1,0.01
2.859,0.1,0.01
2.86,0.1,0.01
2.861,0.1,0.01
2.862,0.1,0.01
2.863,0.1,0.01
2.864,0.1,0.01
2.865,0.1,0.01
2.866,0.1,0.01
2.867,0.1,0.01
2.868,0.1,0.01
2.869,0.1,0.01
2.87,0.1,0.01
2.871,0.1,0.01
2.872,0.1,0.01
2.873,0.1,0.01
2.874,0.1,0.01
2.875,0.1,0.01
2.876,0.1,0.01
2.877,0.1,0.01
2.878,0.1,0.01
2.879,0.1,0.01
2.88,0.1,0.01
2.881,0.1,0.01
2.882,0.1,0.01
2.883,0.1,0.01
2.884,0.1,0.01
2.885,0.1,0.01
2.886,0.1,0.01
2.887,0.1,0.01
2.888,0.1,0.01
2.889,0.1,0.01
2.89,0.1,0.01
2.891,0.1,0.01
2.892,0.1,0.01
2.893,0.1,0.01
2.894,0.1,0.01
2.895,0.1,0.01
2.896,0.1,0.01
2.897,0.1,0.01
2.898,0.1,0.01
2.899,0.1,0.01
2.9,0.1,0.01
2.901,0.1,0.01
2.902,0.1,0.01
2.903,0.1,0.01
2.904,0.1,0.01
2.905,0.1,0.01
2.906,0.1,0.01
2.907,0.1,0.01
2.908,0.1,0.01
2.909,0.1,0.01
2.91,0.1,0.01
2.911,0.1,0.01
2.912,0.1,0.01
2.913,0.1,0.01
2.914,0.1,0.01
2.915,0.1,0.01
2.916,0.1,0.01
2.917,0.1,0.01
2.918,0.1,0.01
2.919,0.1,0.01
2.92,0.1,0.01
2.921,0.1,0.01
2.922,0.1,0.01
2.923,0.1,0.01
2.924,0.1,0.01
2.925,0.1,0.01
2.926,0.1,0.01
2.927,0.1,0.01
2.928,0.1,0.01
2.929,0.1,0.01
2.93,0.1,0.01
2.931,0.1,0.01
2.932,0.1,0.01
2.933,0.1,0.01
2.934,0.1,0.01
2.935,0.1,0.01
2.936,0.1,0.01
2.937,0.1,0.01
2.938,0.1,0.01
2.939,0.1,0.01
2.94,0.1,0.01
2.941,0.1,0.01
2.942,0.1,0.01
2.943,0.1,0.01
2.944,0.1,0.01
2.945,0.1,0.01
2.946,0.1,0.01
2.947,0.1,0.01
2.948,0.1,0.01
2.949,0.1,0.01
2.95,0.1,0.01
2.951,0.1,0.01
2.952,0.1,0.01
2.953,0.1,0.01
2.954,0.1,0.01
2.955,0.1,0.01
2.956,0.1,0.01
2.957,0.1,0.01
2.958,0.1,0.01
2.959,0.1,0.01
2.96,0.1,0.01
2.961,0.1,0.01
2.962,0.1,0.01
2.963,0.1,0.01
2.964,0.1,0.01
2.965,0.1,0.01
2.966,0.1,0.01
2.967,0.1,0.01
2.968,0.1,0.01
2.969,0.1,0.01
2.97,0.1,0.01
2.971,0.1,0.01
2.972,0.1,0.01
2.973,0.1,0.01
2.974,0.1,0.01
2.975,0.1,0.01
2.976,0.1,0.01
2.977,0.1,0.01
2.978,0.1,0.01
2.979,0.1,0.01
2.98,0.1,0.01
2.981,0.1,0.01
2.982,0.1,0.01
2.983,0.1,0.01
2.984,0.1,0.01
2.985,0.1,0.01
2.986,0.1,0.01
2.987,0.1,0.01
2.988,0.1,0.01
2.989,0.1,0.01
2.99,0.1,0.01
2.991,0.1,0.01
2.992,0.1,0.01
2.993,0.1,0.01
2.994,0.1,0.01
2.995,0.1,0.01
2.996,0.1,0.01
2.997,0.1,0.01
2.998,0.1,0.01
2.999,0.1,0.01
3,0.1,0.01
3.001,0.1,0.01
3.002,0.1,0.01
3.003,0.1,0.01
3.004,0.1,0.01
3.005,0.1,0.01
3.006,0.1,0.01
3.007,0.1,0.01
3.008,0.1,0.01
3.009,0.1,0.01
3.01,0.1,0.01
3.011,0.1,0.01
3.012,0.1,0.01
3.013,0.1,0.01
3.014,0.1,0.01
3.015,0.1,0.01
3.016,0.1,0.01
3.017,0.1,0.01
3.018,0.1,0.01
3.019,0.1,0.01
3.02,0.1,0.01
3.021,0.1,0.01
3.022,0.1,0.01
3.023,0.1,0.01
3.024,0.1,0.01
3.025,0.1,0.01
3.026,0.1,0.01
3.027,0.1,0.01
3.028,0.1,0.01
3.029,0.1,0.01
3.03,0.1,0.01
3.031,0.1,0.01
3.032,0.1,0.01
3.033,0.1,0.01
3.034,0.1,0.01
3.035,0.1,0.01
3.036,0.1,0.01
3.037,0.1,0.01
3.038,0.1,0.01
3.039,0.1,0.01
3.04,0.1,0.01
3.041,0.1,0.01
3.042,0.1,0.01
3.043,0.1,0.01
3.044,0.1,0.01
3.045,0.1,0.01
3.046,0.1,0.01
3.047,0.1,0.01
3.048,0.1,0.01
3.049,0.1,0.01
3.05,0.1,0.01
3.051,0.1,0.01
3.052,0.1,0.01
3.053,0.1,0.01
3.054,0.1,0.01
3.055,0.1,0.01
3.056,0.1,0.01
3.057,0.1,0.01
3.058,0.1,0.01
3.059,0.1,0.01
3.06,0.1,0.01
3.061,0.1,0.01
3.062,0.1,0.01
3.063,0.1,0.01
3.064,0.1,0.01
3.065,0.1,0.01
3.066,0.1,0.01
3.067,0.1,0.01
3.068,0.1,0.01
3.069,0.1,0.01
3.07,0.1,0.01
3.071,0.1,0.01
3.072,0.1,0.01
3.073,0.1,0.01
3.074,0.1,0.01
3.075,0.1,0.01
3.076,0.1,0.01
3.077,0.1,0.01
3.078,0.1,0.01
3.079,0.1,0.01
3.08,0.1,0.01
3.081,0.1,0.01
3.082,0.1,0.01
3.083,0.1,0.01
3.084,0.1,0.01
3.085,0.1,0.01
3.086,0.1,0.01
3.087,0.1,0.01
3.088,0.1,0.01
3.089,0.1,0.01
3.09,0.1,0.01
3.091,0.1,0.01
3.092,0.1,0.01
3.093,0.1,0.01
3.094,0.1,0.01
3.095,0.1,0.01
3.096,0.1,0.01
3.097,0.1,0.01
3.098,0.1,0.01
3.099,0.1,0.01
3.1,0.1,0.01
3.101,0.1,0.01
3.102,0.1,0.01
3.103,0.1,0.01
3.104,0.1,0.01
3.105,0.1,0.01
3.106,0.1,0.01
3.107,0.1,0.01
3.108,0.1,0.01
3.109,0.1,0.01
3.11,0.1,0.01
3.111,0.1,0.01
3.112,0.1,0.01
3.113,0.1,0.01
3.114,0.1,0.01
3.115,0.1,0.01
3.116,0.1,0.01
3.117,0.1,0.01
3.118,0.1,0.01
3.119,0.1,0.01
3.12,0.1,0.01
3.121,0.1,0.01
3.122,0.1,0.01
3.123,0.1,0.01
3.124,0.1,0.01
3.125,0.1,0.01
3.126,0.1,0.01
3.127,0.1,0.01
3.128,0.1,0.01
3.129,0.1,0.01
3.13,0.1,0.01
3.131,0.1,0.01
3.132,0.1,0.01
3.133,0.1,0.01
3.134,0.1,0.01
3.135,0.1,0.01
3.136,0.1,0.01
3.137,0.1,0.01
3.138,0.1,0.01
3.139,0.1,0.01
3.14,0.1,0.01
3.141,0.1,0.01
3.142,0.1,0.01
3.143,0.1,0.01
3.144,0.1,0.01
3.145,0.1,0.01
3.146,0.1,0.01
3.147,0.1,0.01
3.148,0.1,0.01
3.149,0.1,0.01
3.15,0.1,0.01
3.151,0.1,0.01
3.152,0.1,0.01
3.153,0.1,0.01
3.154,0.1,0.01
3.155,0.1,0.01
3.156,0.1,0.01
3.157,0.1,0.01
3.158,0.1,0.01
3.159,0.1,0.01
3.16,0.1,0.01
3.161,0.1,0.01
3.162,0.1,0.01
3.163,0.1,0.01
3.164,0.1,0.01
3.165,0.1,0.01
3.166,0.1,0.01
3.167,0.1,0.01
3.168,0.1,0.01
3.169,0.1,0.01
3.17,0.1,0.01
3.171,0.1,0.01
3.172,0.1,0.01
3.173,0.1,0.01
3.174,0.1,0.01
3.175,0.1,0.01
3.176,0.1,0.01
3.177,0.1,0.01
3.178,0.1,0.01
3.179,0.1,0.01
3.18,0.1,0.01
3.181,0.1,0.01
3.182,0.1,0.01
3.183,0.1,0.01
3.184,0.1,0.01
3.185,0.1,0.01
3.186,0.1,0.01
3.187,0.1,0.01
3.188,0.1,0.01
3.189,0.1,0.01
3.19,0.1,0.01
3.191,0.1,0.01
3.192,0.1,0.01
3.193,0.1,0.01
3.194,0.1,0.01
3.195,0.1,0.01
3.196,0.1,0.01
3.197,0.1,0.01
3.198,0.1,0.01
3.199,0.1,0.01
3.2,0.1,0.01
3.201,0.1,0.01
3.202,0.1,0.01
3.203,0.1,0.01
3.204,0.1,0.01
3.205,0.1,0.01
3.206,0.1,0.01
3.207,0.1,0.01
3.208,0.1,0.01
3.209,0.1,0.01
3.21,0.1,0.01
3.211,0.1,0.01
3.212,0.1,0.01
3.213,0.1,0.01
3.214,0.1,0.01
3.215,0.1,0.01
3.216,0.1,0.01
3.217,0.1,0.01
3.218,0.1,0.01
3.219,0.1,0.01
3.22,0.1,0.01
3.221,0.1,0.01
3.222,0.1,0.01
3.223,0.1,0.01
3.224,0.1,0.01
3.225,0.1,0.01
3.226,0.1,0.01
3.227,0.1,0.01
3.228,0.1,0.01
3.229,0.1,0.01
3.23,0.1,0.01
3.231,0.1,0.01
3.232,0.1,0.01
3.233,0.1,0.01
3.234,0.1,0.01
3.235,0.1,0.01
3.236,0.1,0.01
3.237,0.1,0.01
3.238,0.1,0.01
3.239,0.1,0.01
3.24,0.1,0.01
3.241,0.1,0.01
3.242,0.1,0.01
3.243,0.1,0.01
3.244,0.1,0.01
3.245,0.1,0.01
3.246,0.1,0.01
3.247,0.1,0.01
3.248,0.1,0.01
3.249,0.1,0.01
3.25,0.1,0.01
3.251,0.1,0.01
3.252,0.1,0.01
3.253,0.1,0.01
3.254,0.1,0.01
3.255,0.1,0.01
3.256,0.1,0.01
3.257,0.1,0.01
3.258,0.1,0.01
3.259,0.1,0.01
3.26,0.1,0.01
3.261,0.1,0.01
3.262,0.1,0.01
3.263,0.1,0.01
3.264,0.1,0.01
3.265,0.1,0.01
3.266,0.1,0.01
3.267,0.1,0.01
3.268,0.1,0.01
3.269,0.1,0.01
3.27,0.1,0.01
3.271,0.1,0.01
3.272,0.1,0.01
3.273,0.1,0.01
3.274,0.1,0.01
3.275,0.1,0.01
3.276,0.1,0.01
3.277,0.1,0.01
3.278,0.1,0.01
3.279,0.1,0.01
3.28,0.1,0.01
3.281,0.1,0.01
3.282,0.1,0.01
3.283,0.1,0.01
3.284,0.1,0.01
3.285,0.1,0.01
3.286,0.1,0.01
3.287,0.1,0.01
3.288,0.1,0.01
3.289,0.1,0.01
3.29,0.1,0.01
3.291,0.1,0.01
3.292,0.1,0.01
3.293,0.1,0.01
3.294,0.1,0.01
3.295,0.1,0.01
3.296,0.1,0.01
3.297,0.1,0.01
3.298,0.1,0.01
3.299,0.1,0.01
3.3,0.1,0.01
3.301,0.1,0.01
3.302,0.1,0.01
3.303,0.1,0.01
3.304,0.1,0.01
3.305,0.1,0.01
3.306,0.1,0.01
3.307,0.1,0.01
3.308,0.1,0.01
3.309,0.1,0.01
3.31,0.1,0.01
3.311,0.1,0.01
3.312,0.1,0.01
3.313,0.1,0.01
3.314,0.1,0.01
3.315,0.1,0.01
3.316,0.1,0.01
3.317,0.1,0.01
3.318,0.1,0.01
3.319,0.1,0.01
3.32,0.1,0.01
3.321,0.1,0.01
3.322,0.1,0.01
3.323,0.1,0.01
3.324,0.1,0.01
3.325,0.1,0.01
3.326,0.1,0.01
3.327,0.1,0.01
3.328,0.1,0.01
3.329,0.1,0.01
3.33,0.1,0.01
3.331,0.1,0.01
3.332,0.1,0.01
3.333,0.1,0.01
3.334,0.1,0.01
3.335,0.1,0.01
3.336,0.1,0.01
3.337,0.1,0.01
3.338,0.1,0.01
3.339,0.1,0.01
3.34,0.1,0.01
3.341,0.1,0.01
3.342,0.1,0.01
3.343,0.1,0.01
3.344,0.1,0.01
3.345,0.1,0.01
3.346,0.1,0.01
3.347,0.1,0.01
3.348,0.1,0.01
3.349,0.1,0.01
3.35,0.1,0.01
3.351,0.1,0.01
3.352,0.1,0.01
3.353,0.1,0.01
3.354,0.1,0.01
3.355,0.1,0.01
3.356,0.1,0.01
3.357,0.1,0.01
3.358,0.1,0.01
3.359,0.1,0.01
3.36,0.1,0.01
3.361,0.1,0.01
3.362,0.1,0.01
3.363,0.1,0.01
3.364,0.1,0.01
3.365,0.1,0.01
3.366,0.1,0.01
3.367,0.1,0.01
3.368,0.1,0.01
3.369,0.1,0.01
3.37,0.1,0.01
3.371,0.1,0.01
3.372,0.1,0.01
3.373,0.1,0.01
3.374,0.1,0.01
3.375,0.1,0.01
3.376,0.1,0.01
3.377,0.1,0.01
3.378,0.1,0.01
3.379,0.1,0.01
3.38,0.1,0.01
3.381,0.1,0.01
3.382,0.1,0.01
3.383,0.1,0.01
3.384,0.1,0.01
3.385,0.1,0.01
3.386,0.1,0.01
3.387,0.1,0.01
3.388,0.1,0.01
3.389,0.1,0.01
3.39,0.1,0.01
3.391,0.1,0.01
3.392,0.1,0.01
3.393,0.1,0.01
3.394,0.1,0.01
3.395,0.1,0.01
3.396,0.1,0.01
3.397,0.1,0.01
3.398,0.1,0.01
3.399,0.1,0.01
3.4,0.1,0.01
3.401,0.1,0.01
3.402,0.1,0.01
3.403,0.1,0.01
3.404,0.1,0.01
3.405,0.1,0.01
3.406,0.1,0.01
3.407,0.1,0.01
3.408,0.1,0.01
3.409,0.1,0.01
3.41,0.1,0.01
3.411,0.1,0.01
3.412,0.1,0.01
3.413,0.1,0.01
3.414,0.1,0.01
3.415,0.1,0.01
3.416,0.1,0.01
3.417,0.1,0.01
3.418,0.1,0.01
3.419,0.1,0.01
3.42,0.1,0.01
3.421,0.1,0.01
3.422,0.1,0.01
3.423,0.1,0.01
3.424,0.1,0.01
3.425,0.1,0.01
3.426,0.1,0.01
3.427,0.1,0.01
3.428,0.1,0.01
3.429,0.1,0.01
3.43,0.1,0.01
3.431,0.1,0.01
3.432,0.1,0.01
3.433,0.1,0.01
3.434,0.1,0.01
3.435,0.1,0.01
3.436,0.1,0.01
3.437,0.1,0.01
3.438,0.1,0.01
3.439,0.1,0.01
3.44,0.1,0.01
3.441,0.1,0.01
3.442,0.1,0.01
3.443,0.1,0.01
3.444,0.1,0.01
3.445,0.1,0.01
3.446,0.1,0.01
3.447,0.1,0.01
3.448,0.1,0.01
3.449,0.1,0.01
3.45,0.1,0.01
3.451,0.1,0.01
3.452,0.1,0.01
3.453,0.1,0.01
3.454,0.1,0.01
3.455,0.1,0.01
3.456,0.1,0.01
3.457,0.1,0.01
3.458,0.1,0.01
3.459,0.1,0.01
3.46,0.1,0.01
3.461,0.1,0.01
3.462,0.1,0.01
3.463,0.1,0.01
3.464,0.1,0.01
3.465,0.1,0.01
3.466,0.1,0.01
3.467,0.1,0.01
3.468,0.1,0.01
3.469,0.1,0.01
3.47,0.1,0.01
3.471,0.1,0.01
3.472,0.1,0.01
3.473,0.1,0.01
3.474,0.1,0.01
3.475,0.1,0.01
3.476,0.1,0.01
3.477,0.1,0.01
3.478,0.1,0.01
3.479,0.1,0.01
3.48,0.1,0.01
3.481,0.1,0.01
3.482,0.1,0.01
3.483,0.1,0.01
3.484,0.1,0.01
3.485,0.1,0.01
3.486,0.1,0.01
3.487,0.1,0.01
3.488,0.1,0.01
3.489,0.1,0.01
3.49,0.1,0.01
3.491,0.1,0.01
3.492,0.1,0.01
3.493,0.1,0.01
3.494,0.1,0.01
3.495,0.1,0.01
3.496,0.1,0.01
3.497,0.1,0.01
3.498,0.1,0.01
3.499,0.1,0.01
3.5,0.1,0.01
3.501,0.1,0.01
3.502,0.1,0.01
3.503,0.1,0.01
3.504,0.1,0.01
3.505,0.1,0.01
3.506,0.1,0.01
3.507,0.1,0.01
3.508,0.1,0.01
3.509,0.1,0.01
3.51,0.1,0.01
3.511,0.1,0.01
3.512,0.1,0.01
3.513,0.1,0.01
3.514,0.1,0.01
3.515,0.1,0.01
3.516,0.1,0.01
3.517,0.1,0.01
3.518,0.1,0.01
3.519,0.1,0.01
3.52,0.1,0.01
3.521,0.1,0.01
3.522,0.1,0.01
3.523,0.1,0.01
3.524,0.1,0.01
3.525,0.1,0.01
3.526,0.1,0.01
3.527,0.1,0.01
3.528,0.1,0.01
3.529,0.1,0.01
3.53,0.1,0.01
3.531,0.1,0.01
3.532,0.1,0.01
3.533,0.1,0.01
3.534,0.1,0.01
3.535,0.1,0.01
3.536,0.1,0.01
3.537,0.1,0.01
3.538,0.1,0.01
3.539,0.1,0.01
3.54,0.1,0.01
3.541,0.1,0.01
3.542,0.1,0.01
3.543,0.1,0.01
3.544,0.1,0.01
3.545,0.1,0.01
3.546,0.1,0.01
3.547,0.1,0.01
3.548,0.1,0.01
3.549,0.1,0.01
3.55,0.1,0.01
3.551,0.1,0.01
3.552,0.1,0.01
3.553,0.1,0.01
3.554,0.1,0.01
3.555,0.1,0.01
3.556,0.1,0.01
3.557,0.1,0.01
3.558,0.1,0.01
3.559,0.1,0.01
3.56,0.1,0.01
3.561,0.1,0.01
3.562,0.1,0.01
3.563,0.1,0.01
3.564,0.1,0.01
3.565,0.1,0.01
3.566,0.1,0.01
3.567,0.1,0.01
3.568,0.1,0.01
3.569,0.1,0.01
3.57,0.1,0.01
3.571,0.1,0.01
3.572,0.1,0.01
3.573,0.1,0.01
3.574,0.1,0.01
3.575,0.1,0.01
3.576,0.1,0.01
3.577,0.1,0.01
3.578,0.1,0.01
3.579,0.1,0.01
3.58,0.1,0.01
3.581,0.1,0.01
3.582,0.1,0.01
3.583,0.1,0.01
3.584,0.1,0.01
3.585,0.1,0.01
3.586,0.1,0.01
3.587,0.1,0.01
3.588,0.1,0.01
3.589,0.1,0.01
3.59,0.1,0.01
3.591,0.1,0.01
3.592,0.1,0.01
3.593,0.1,0.01
3.594,0.1,0.01
3.595,0.1,0.01
3.596,0.1,0.01
3.597,0.1,0.01
3.598,0.1,0.01
3.599,0.1,0.01
3.6,0.1,0.01
3.601,0.1,0.01
3.602,0.1,0.01
3.603,0.1,0.01
3.604,0.1,0.01
3.605,0.1,0.01
3.606,0.1,0.01
3.607,0.1,0.01
3.608,0.1,0.01
3.609,0.1,0.01
3.61,0.1,0.01
3.611,0.1,0.01
3.612,0.1,0.01
3.613,0.1,0.01
3.614,0.1,0.01
3.615,0.1,0.01
3.616,0.1,0.01
3.617,0.1,0.01
3.618,0.1,0.01
3.619,0.1,0.01
3.62,0.1,0.01
3.621,0.1,0.01
3.622,0.1,0.01
3.623,0.1,0.01
3.624,0.1,0.01
3.625,0.1,0.01
3.626,0.1,0.01
3.627,0.1,0.01
3.628,0.1,0.01
3.629,0.1,0.01
3.63,0.1,0.01
3.631,0.1,0.01
3.632,0.1,0.01
3.633,0.1,0.01
3.634,0.1,0.01
3.635,0.1,0.01
3.636,0.1,0.01
3.637,0.1,0.01
3.638,0.1,0.01
3.639,0.1,0.01
3.64,0.1,0.01
3.641,0.1,0.01
3.642,0.1,0.01
3.643,0.1,0.01
3.644,0.1,0.01
3.645,0.1,0.01
3.646,0.1,0.01
3.647,0.1,0.01
3.648,0.1,0.01
3.649,0.1,0.01
3.65,0.1,0.01
3.651,0.1,0.01
3.652,0.1,0.01
3.653,0.1,0.01
3.654,0.1,0.01
3.655,0.1,0.01
3.656,0.1,0.01
3.657,0.1,0.01
3.658,0.1,0.01
3.659,0.1,0.01
3.66,0.1,0.01
3.661,0.1,0.01
3.662,0.1,0.01
3.663,0.1,0.01
3.664,0.1,0.01
3.665,0.1,0.01
3.666,0.1,0.01
3.667,0.1,0.01
3.668,0.1,0.01
3.669,0.1,0.01
3.67,0.1,0.01
3.671,0.1,0.01
3.672,0.1,0.01
3.673,0.1,0.01
3.674,0.1,0.01
3.675,0.1,0.01
3.676,0.1,0.01
3.677,0.1,0.01
3.678,0.1,0.01
3.679,0.1,0.01
3.68,0.1,0.01
3.681,0.1,0.01
3.682,0.1,0.01
3.683,0.1,0.01
3.684,0.1,0.01
3.685,0.1,0.01
3.686,0.1,0.01
3.687,0.1,0.01
3.688,0.1,0.01
3.689,0.1,0.01
3.69,0.1,0.01
3.691,0.1,0.01
3.692,0.1,0.01
3.693,0.1,0.01
3.694,0.1,0.01
3.695,0.1,0.01
3.696,0.1,0.01
3.697,0.1,0.01
3.698,0.1,0.01
3.699,0.1,0.01
3.7,0.1,0.01
3.701,0.1,0.01
3.702,0.1,0.01
3.703,0.1,0.01
3.704,0.1,0.01
3.705,0.1,0.01
3.706,0.1,0.01
3.707,0.1,0.01
3.708,0.1,0.01
3.709,0.1,0.01
3.71,0.1,0.01
3.711,0.1,0.01
3.712,0.1,0.01
3.713,0.1,0.01
3.714,0.1,0.01
3.715,0.1,0.01
3.716,0.1,0.01
3.717,0.1,0.01
3.718,0.1,0.01
3.719,0.1,0.01
3.72,0.1,0.01
3.721,0.1,0.01
3.722,0.1,0.01
3.723,0.1,0.01
3.724,0.1,0.01
3.725,0.1,0.01
3.726,0.1,0.01
3.727,0.1,0.01
3.728,0.1,0.01
3.729,0.1,0.01
3.73,0.1,0.01
3.731,0.1,0.01
3.732,0.1,0.01
3.733,0.1,0.01
3.734,0.1,0.01
3.735,0.1,0.01
3.736,0.1,0.01
3.737,0.1,0.01
3.738,0.1,0.01
3.739,0.1,0.01
3.74,0.1,0.01
3.741,0.1,0.01
3.742,0.1,0.01
3.743,0.1,0.01
3.744,0.1,0.01
3.745,0.1,0.01
3.746,0.1,0.01
3.747,0.1,0.01
3.748,0.1,0.01
3.749,0.1,0.01
3.75,0.1,0.01
3.751,0.1,0.01
3.752,0.1,0.01
3.753,0.1,0.01
3.754,0.1,0.01
3.755,0.1,0.01
3.756,0.1,0.01
3.757,0.1,0.01
3.758,0.1,0.01
3.759,0.1,0.01
3.76,0.1,0.01
3.761,0.1,0.01
3.762,0.1,0.01
3.763,0.1,0.01
3.764,0.1,0.01
3.765,0.1,0.01
3.766,0.1,0.01
3.767,0.1,0.01
3.768,0.1,0.01
3.769,0.1,0.01
3.77,0.1,0.01
3.771,0.1,0.01
3.772,0.1,0.01
3.773,0.1,0.01
3.774,0.1,0.01
3.775,0.1,0.01
3.776,0.1,0.01
3.777,0.1,0.01
3.778,0.1,0.01
3.779,0.1,0.01
3.78,0.1,0.01
3.781,0.1,0.01
3.782,0.1,0.01
3.783,0.1,0.01
3.784,0.1,0.01
3.785,0.1,0.01
3.786,0.1,0.01
3.787,0.1,0.01
3.788,0.1,0.01
3.789,0.1,0.01
3.79,0.1,0.01
3.791,0.1,0.01
3.792,0.1,0.01
3.793,0.1,0.01
3.794,0.1,0.01
3.795,0.1,0.01
3.796,0.1,0.01
3.797,0.1,0.01
3.798,0.1,0.01
3.799,0.1,0.01
3.8,0.1,0.01
3.801,0.1,0.01
3.802,0.1,0.01
3.803,0.1,0.01
3.804,0.1,0.01
3.805,0.1,0.01
3.806,0.1,0.01
3.807,0.1,0.01
3.808,0.1,0.01
3.809,0.1,0.01
3.81,0.1,0.01
3.811,0.1,0.01
3.812,0.1,0.01
3.813,0.1,0.01
3.814,0.1,0.01
3.815,0.1,0.01
3.816,0.1,0.01
3.817,0.1,0.01
3.818,0.1,0.01
3.819,0.1,0.01
3.82,0.1,0.01
3.821,0.1,0.01
3.822,0.1,0.01
3.823,0.1,0.01
3.824,0.1,0.01
3.825,0.1,0.01
3.826,0.1,0.01
3.827,0.1,0.01
3.828,0.1,0.01
3.829,0.1,0.01
3.83,0.1,0.01
3.831,0.1,0.01
3.832,0.1,0.01
3.833,0.1,0.01
3.834,0.1,0.01
3.835,0.1,0.01
3.836,0.1,0.01
3.837,0.1,0.01
3.838,0.1,0.01
3.839,0.1,0.01
3.84,0.1,0.01
3.841,0.1,0.01
3.842,0.1,0.01
3.843,0.1,0.01
3.844,0.1,0.01
3.845,0.1,0.01
3.846,0.1,0.01
3.847,0.1,0.01
3.848,0.1,0.01
3.849,0.1,0.01
3.85,0.1,0.01
3.851,0.1,0.01
3.852,0.1,0.01
3.853,0.1,0.01
3.854,0.1,0.01
3.855,0.1,0.01
3.856,0.1,0.01
3.857,0.1,0.01
3.858,0.1,0.01
3.859,0.1,0.01
3.86,0.1,0.01
3.861,0.1,0.01
3.862,0.1,0.01
3.863,0.1,0.01
3.864,0.1,0.01
3.865,0.1,0.01
3.866,0.1,0.01
3.867,0.1,0.01
3.868,0.1,0.01
3.869,0.1,0.01
3.87,0.1,0.01
3.871,0.1,0.01
3.872,0.1,0.01
3.873,0.1,0.01
3.874,0.1,0.01
3.875,0.1,0.01
3.876,0.1,0.01
3.877,0.1,0.01
3.878,0.1,0.01
3.879,0.1,0.01
3.88,0.1,0.01
3.881,0.1,0.01
3.882,0.1,0.01
3.883,0.1,0.01
3.884,0.1,0.01
3.885,0.1,0.01
3.886,0.1,0.01
3.887,0.1,0.01
3.888,0.1,0.01
3.889,0.1,0.01
3.89,0.1,0.01
3.891,0.1,0.01
3.892,0.1,0.01
3.893,0.1,0.01
3.894,0.1,0.01
3.895,0.1,0.01
3.896,0.1,0.01
3.897,0.1,0.01
3.898,0.1,0.01
3.899,0.1,0.01
3.9,0.1,0.01
3.901,0.1,0.01
3.902,0.1,0.01
3.903,0.1,0.01
3.904,0.1,0.01
3.905,0.1,0.01
3.906,0.1,0.01
3.907,0.1,0.01
3.908,0.1,0.01
3.909,0.1,0.01
3.91,0.1,0.01
3.911,0.1,0.01
3.912,0.1,0.01
3.913,0.1,0.01
3.914,0.1,0.01
3.915,0.1,0.01
3.916,0.1,0.01
3.917,0.1,0.01
3.918,0.1,0.01
3.919,0.1,0.01
3.92,0.1,0.01
3.921,0.1,0.01
3.922,0.1,0.01
3.923,0.1,0.01
3.924,0.1,0.01
3.925,0.1,0.01
3.926,0.1,0.01
3.927,0.1,0.01
3.928,0.1,0.01
3.929,0.1,0.01
3.93,0.1,0.01
3.931,0.1,0.01
3.932,0.1,0.01
3.933,0.1,0.01
3.934,0.1,0.01
3.935,0.1,0.01
3.936,0.1,0.01
3.937,0.1,0.01
3.938,0.1,0.01
3.939,0.1,0.01
3.94,0.1,0.01
3.941,0.1,0.01
3.942,0.1,0.01
3.943,0.1,0.01
3.944,0.1,0.01
3.945,0.1,0.01
3.946,0.1,0.01
3.947,0.1,0.01
3.948,0.1,0.01
3.949,0.1,0.01
3.95,0.1,0.01
3.951,0.1,0.01
3.952,0.1,0.01
3.953,0.1,0.01
3.954,0.1,0.01
3.955,0.1,0.01
3.956,0.1,0.01
3.957,0.1,0.01
3.958,0.1,0.01
3.959,0.1,0.01
3.96,0.1,0.01
3.961,0.1,0.01
3.962,0.1,0.01
3.963,0.1,0.01
3.964,0.1,0.01
3.965,0.1,0.01
3.966,0.1,0.01
3.967,0.1,0.01
3.968,0.1,0.01
3.969,0.1,0.01
3.97,0.1,0.01
3.971,0.1,0.01
3.972,0.1,0.01
3.973,0.1,0.01
3.974,0.1,0.01
3.975,0.1,0.01
3.976,0.1,0.01
3.977,0.1,0.01
3.978,0.1,0.01
3.979,0.1,0.01
3.98,0.1,0.01
3.981,0.1,0.01
3.982,0.1,0.01
3.983,0.1,0.01
3.984,0.1,0.01
3.985,0.1,0.01
3.986,0.1,0.01
3.987,0.1,0.01
3.988,0.1,0.01
3.989,0.1,0.01
3.99,0.1,0.01
3.991,0.1,0.01
3.992,0.1,0.01
3.993,0.1,0.01
3.994,0.1,0.01
3.995,0.1,0.01
3.996,0.1,0.01
3.997,0.1,0.01
3.998,0.1,0.01
3.999,0.1,0.01
4,0.1,0.01
4.001,0.1,0.01
4.002,0.1,0.01
4.003,0.1,0.01
4.004,0.1,0.01
4.005,0.1,0.01
4.006,0.1,0.01
4.007,0.1,0.01
4.008,0.1,0.01
4.009,0.1,0.01
4.01,0.1,0.01
4.011,0.1,0.01
4.012,0.1,0.01
4.013,0.1,0.01
4.014,0.1,0.01
4.015,0.1,0.01
4.016,0.1,0.01
4.017,0.1,0.01
4.018,0.1,0.01
4.019,0.1,0.01
4.02,0.1,0.01
4.021,0.1,0.01
4.022,0.1,0.01
4.023,0.1,0.01
4.024,0.1,0.01
4.025,0.1,0.01
4.026,0.1,0.01
4.027,0.1,0.01
4.028,0.1,0.01
4.029,0.1,0.01
4.03,0.1,0.01
4.031,0.1,0.01
4.032,0.1,0.01
4.033,0.1,0.01
4.034,0.1,0.01
4.035,0.1,0.01
4.036,0.1,0.01
4.037,0.1,0.01
4.038,0.1,0.01
4.039,0.1,0.01
4.04,0.1,0.01
4.041,0.1,0.01
4.042,0.1,0.01
4.043,0.1,0.01
4.044,0.1,0.01
4.045,0.1,0.01
4.046,0.1,0.01
4.047,0.1,0.01
4.048,0.1,0.01
4.049,0.1,0.01
4.05,0.1,0.01
4.051,0.1,0.01
4.052,0.1,0.01
4.053,0.1,0.01
4.054,0.1,0.01
4.055,0.1,0.01
4.056,0.1,0.01
4.057,0.1,0.01
4.058,0.1,0.01
4.059,0.1,0.01
4.06,0.1,0.01
4.061,0.1,0.01
4.062,0.1,0.01
4.063,0.1,0.01
4.064,0.1,0.01
4.065,0.1,0.01
4.066,0.1,0.01
4.067,0.1,0.01
4.068,0.1,0.01
4.069,0.1,0.01
4.07,0.1,0.01
4.071,0.1,0.01
4.072,0.1,0.01
4.073,0.1,0.01
4.074,0.1,0.01
4.075,0.1,0.01
4.076,0.1,0.01
4.077,0.1,0.01
4.078,0.1,0.01
4.079,0.1,0.01
4.08,0.1,0.01
4.081,0.1,0.01
4.082,0.1,0.01
4.083,0.1,0.01
4.084,0.1,0.01
4.085,0.1,0.01
4.086,0.1,0.01
4.087,0.1,0.01
4.088,0.1,0.01
4.089,0.1,0.01
4.09,0.1,0.01
4.091,0.1,0.01
4.092,0.1,0.01
4.093,0.1,0.01
4.094,0.1,0.01
4.095,0.1,0.01
4.096,0.1,0.01
4.097,0.1,0.01
4.098,0.1,0.01
4.099,0.1,0.01
4.1,0.1,0.01
4.101,0.1,0.01
4.102,0.1,0.01
4.103,0.1,0.01
4.104,0.1,0.01
4.105,0.1,0.01
4.106,0.1,0.01
4.107,0.1,0.01
4.108,0.1,0.01
4.109,0.1,0.01
4.11,0.1,0.01
4.111,0.1,0.01
4.112,0.1,0.01
4.113,0.1,0.01
4.114,0.1,0.01
4.115,0.1,0.01
4.116,0.1,0.01
4.117,0.1,0.01
4.118,0.1,0.01
4.119,0.1,0.01
4.12,0.1,0.01
4.121,0.1,0.01
4.122,0.1,0.01
4.123,0.1,0.01
4.124,0.1,0.01
4.125,0.1,0.01
4.126,0.1,0.01
4.127,0.1,0.01
4.128,0.1,0.01
4.129,0.1,0.01
4.13,0.1,0.01
4.131,0.1,0.01
4.132,0.1,0.01
4.133,0.1,0.01
4.134,0.1,0.01
4.135,0.1,0.01
4.136,0.1,0.01
4.137,0.1,0.01
4.138,0.1,0.01
4.139,0.1,0.01
4.14,0.1,0.01
4.141,0.1,0.01
4.142,0.1,0.01
4.143,0.1,0.01
4.144,0.1,0.01
4.145,0.1,0.01
4.146,0.1,0.01
4.147,0.1,0.01
4.148,0.1,0.01
4.149,0.1,0.01
4.15,0.1,0.01
4.151,0.1,0.01
4.152,0.1,0.01
4.153,0.1,0.01
4.154,0.1,0.01
4.155,0.1,0.01
4.156,0.1,0.01
4.157,0.1,0.01
4.158,0.1,0.01
4.159,0.1,0.01
4.16,0.1,0.01
4.161,0.1,0.01
4.162,0.1,0.01
4.163,0.1,0.01
4.164,0.1,0.01
4.165,0.1,0.01
4.166,0.1,0.01
4.167,0.1,0.01
4.168,0.1,0.01
4.169,0.1,0.01
4.17,0.1,0.01
4.171,0.1,0.01
4.172,0.1,0.01
4.173,0.1,0.01
4.174,0.1,0.01
4.175,0.1,0.01
4.176,0.1,0.01
4.177,0.1,0.01
4.178,0.1,0.01
4.179,0.1,0.01
4.18,0.1,0.01
4.181,0.1,0.01
4.182,0.1,0.01
4.183,0.1,0.01
4.184,0.1,0.01
4.185,0.1,0.01
4.186,0.1,0.01
4.187,0.1,0.01
4.188,0.1,0.01
4.189,0.1,0.01
4.19,0.1,0.01
4.191,0.1,0.01
4.192,0.1,0.01
4.193,0.1,0.01
4.194,0.1,0.01
4.195,0.1,0.01
4.196,0.1,0.01
4.197,0.1,0.01
4.198,0.1,0.01
4.199,0.1,0.01
4.2,0.1,0.01
4.201,0.1,0.01
4.202,0.1,0.01
4.203,0.1,0.01
4.204,0.1,0.01
4.205,0.1,0.01
4.206,0.1,0.01
4.207,0.1,0.01
4.208,0.1,0.01
4.209,0.1,0.01
4.21,0.1,0.01
4.211,0.1,0.01
4.212,0.1,0.01
4.213,0.1,0.01
4.214,0.1,0.01
4.215,0.1,0.01
4.216,0.1,0.01
4.217,0.1,0.01
4.218,0.1,0.01
4.219,0.1,0.01
4.22,0.1,0.01
4.221,0.1,0.01
4.222,0.1,0.01
4.223,0.1,0.01
4.224,0.1,0.01
4.225,0.1,0.01
4.226,0.1,0.01
4.227,0.1,0.01
4.228,0.1,0.01
4.229,0.1,0.01
4.23,0.1,0.01
4.231,0.1,0.01
4.232,0.1,0.01
4.233,0.1,0.01
4.234,0.1,0.01
4.235,0.1,0.01
4.236,0.1,0.01
4.237,0.1,0.01
4.238,0.1,0.01
4.239,0.1,0.01
4.24,0.1,0.01
4.241,0.1,0.01
4.242,0.1,0.01
4.243,0.1,0.01
4.244,0.1,0.01
4.245,0.1,0.01
4.246,0.1,0.01
4.247,0.1,0.01
4.248,0.1,0.01
4.249,0.1,0.01
4.25,0.1,0.01
4.251,0.1,0.01
4.252,0.1,0.01
4.253,0.1,0.01
4.254,0.1,0.01
4.255,0.1,0.01
4.256,0.1,0.01
4.257,0.1,0.01
4.258,0.1,0.01
4.259,0.1,0.01
4.26,0.1,0.01
4.261,0.1,0.01
4.262,0.1,0.01
4.263,0.1,0.01
4.264,0.1,0.01
4.265,0.1,0.01
4.266,0.1,0.01
4.267,0.1,0.01
4.268,0.1,0.01
4.269,0.1,0.01
4.27,0.1,0.01
4.271,0.1,0.01
4.272,0.1,0.01
4.273,0.1,0.01
4.274,0.1,0.01
4.275,0.1,0.01
4.276,0.1,0.01
4.277,0.1,0.01
4.278,0.1,0.01
4.279,0.1,0.01
4.28,0.1,0.01
4.281,0.1,0.01
4.282,0.1,0.01
4.283,0.1,0.01
4.284,0.1,0.01
4.285,0.1,0.01
4.286,0.1,0.01
4.287,0.1,0.01
4.288,0.1,0.01
4.289,0.1,0.01
4.29,0.1,0.01
4.291,0.1,0.01
4.292,0.1,0.01
4.293,0.1,0.01
4.294,0.1,0.01
4.295,0.1,0.01
4.296,0.1,0.01
4.297,0.1,0.01
4.298,0.1,0.01
4.299,0.1,0.01
4.3,0.1,0.01
4.301,0.1,0.01
4.302,0.1,0.01
4.303,0.1,0.01
4.304,0.1,0.01
4.305,0.1,0.01
4.306,0.1,0.01
4.307,0.1,0.01
4.308,0.1,0.01
4.309,0.1,0.01
4.31,0.1,0.01
4.311,0.1,0.01
4.312,0.1,0.01
4.313,0.1,0.01
4.314,0.1,0.01
4.315,0.1,0.01
4.316,0.1,0.01
4.317,0.1,0.01
4.318,0.1,0.01
4.319,0.1,0.01
4.32,0.1,0.01
4.321,0.1,0.01
4.322,0.1,0.01
4.323,0.1,0.01
4.324,0.1,0.01
4.325,0.1,0.01
4.326,0.1,0.01
4.327,0.1,0.01
4.328,0.1,0.01
4.329,0.1,0.01
4.33,0.1,0.01
4.331,0.1,0.01
4.332,0.1,0.01
4.333,0.1,0.01
4.334,0.1,0.01
4.335,0.1,0.01
4.336,0.1,0.01
4.337,0.1,0.01
4.338,0.1,0.01
4.339,0.1,0.01
4.34,0.1,0.01
4.341,0.1,0.01
4.342,0.1,0.01
4.343,0.1,0.01
4.344,0.1,0.01
4.345,0.1,0.01
4.346,0.1,0.01
4.347,0.1,0.01
4.348,0.1,0.01
4.349,0.1,0.01
4.35,0.1,0.01
4.351,0.1,0.01
4.352,0.1,0.01
4.353,0.1,0.01
4.354,0.1,0.01
4.355,0.1,0.01
4.356,0.1,0.01
4.357,0.1,0.01
4.358,0.1,0.01
4.359,0.1,0.01
4.36,0.1,0.01
4.361,0.1,0.01
4.362,0.1,0.01
4.363,0.1,0.01
4.364,0.1,0.01
4.365,0.1,0.01
4.366,0.1,0.01
4.367,0.1,0.01
4.368,0.1,0.01
4.369,0.1,0.01
4.37,0.1,0.01
4.371,0.1,0.01
4.372,0.1,0.01
4.373,0.1,0.01
4.374,0.1,0.01
4.375,0.1,0.01
4.376,0.1,0.01
4.377,0.1,0.01
4.378,0.1,0.01
4.379,0.1,0.01
4.38,0.1,0.01
4.381,0.1,0.01
4.382,0.1,0.01
4.383,0.1,0.01
4.384,0.1,0.01
4.385,0.1,0.01
4.386,0.1,0.01
4.387,0.1,0.01
4.388,0.1,0.01
4.389,0.1,0.01
4.39,0.1,0.01
4.391,0.1,0.01
4.392,0.1,0.01
4.393,0.1,0.01
4.394,0.1,0.01
4.395,0.1,0.01
4.396,0.1,0.01
4.397,0.1,0.01
4.398,0.1,0.01
4.399,0.1,0.01
4.4,0.1,0.01
4.401,0.1,0.01
4.402,0.1,0.01
4.403,0.1,0.01
4.404,0.1,0.01
4.405,0.1,0.01
4.406,0.1,0.01
4.407,0.1,0.01
4.408,0.1,0.01
4.409,0.1,0.01
4.41,0.1,0.01
4.411,0.1,0.01
4.412,0.1,0.01
4.413,0.1,0.01
4.414,0.1,0.01
4.415,0.1,0.01
4.416,0.1,0.01
4.417,0.1,0.01
4.418,0.1,0.01
4.419,0.1,0.01
4.42,0.1,0.01
4.421,0.1,0.01
4.422,0.1,0.01
4.423,0.1,0.01
4.424,0.1,0.01
4.425,0.1,0.01
4.426,0.1,0.01
4.427,0.1,0.01
4.428,0.1,0.01
4.429,0.1,0.01
4.43,0.1,0.01
4.431,0.1,0.01
4.432,0.1,0.01
4.433,0.1,0.01
4.434,0.1,0.01
4.435,0.1,0.01
4.436,0.1,0.01
4.437,0.1,0.01
4.438,0.1,0.01
4.439,0.1,0.01
4.44,0.1,0.01
4.441,0.1,0.01
4.442,0.1,0.01
4.443,0.1,0.01
4.444,0.1,0.01
4.445,0.1,0.01
4.446,0.1,0.01
4.447,0.1,0.01
4.448,0.1,0.01
4.449,0.1,0.01
4.45,0.1,0.01
4.451,0.1,0.01
4.452,0.1,0.01
4.453,0.1,0.01
4.454,0.1,0.01
4.455,0.1,0.01
4.456,0.1,0.01
4.457,0.1,0.01
4.458,0.1,0.01
4.459,0.1,0.01
4.46,0.1,0.01
4.461,0.1,0.01
4.462,0.1,0.01
4.463,0.1,0.01
4.464,0.1,0.01
4.465,0.1,0.01
4.466,0.1,0.01
4.467,0.1,0.01
4.468,0.1,0.01
4.469,0.1,0.01
4.47,0.1,0.01
4.471,0.1,0.01
4.472,0.1,0.01
4.473,0.1,0.01
4.474,0.1,0.01
4.475,0.1,0.01
4.476,0.1,0.01
4.477,0.1,0.01
4.478,0.1,0.01
4.479,0.1,0.01
4.48,0.1,0.01
4.481,0.1,0.01
4.482,0.1,0.01
4.483,0.1,0.01
4.484,0.1,0.01
4.485,0.1,0.01
4.486,0.1,0.01
4.487,0.1,0.01
4.488,0.1,0.01
4.489,0.1,0.01
4.49,0.1,0.01
4.491,0.1,0.01
4.492,0.1,0.01
4.493,0.1,0.01
4.494,0.1,0.01
4.495,0.1,0.01
4.496,0.1,0.01
4.497,0.1,0.01
4.498,0.1,0.01
4.499,0.1,0.01
4.5,0.1,0.01
4.501,0.1,0.01
4.502,0.1,0.01
4.503,0.1,0.01
4.504,0.1,0.01
4.505,0.1,0.01
4.506,0.1,0.01
4.507,0.1,0.01
4.508,0.1,0.01
4.509,0.1,0.01
4.51,0.1,0.01
4.511,0.1,0.01
4.512,0.1,0.01
4.513,0.1,0.01
4.514,0.1,0.01
4.515,0.1,0.01
4.516,0.1,0.01
4.517,0.1,0.01
4.518,0.1,0.01
4.519,0.1,0.01
4.52,0.1,0.01
4.521,0.1,0.01
4.522,0.1,0.01
4.523,0.1,0.01
4.524,0.1,0.01
4.525,0.1,0.01
4.526,0.1,0.01
4.527,0.1,0.01
4.528,0.1,0.01
4.529,0.1,0.01
4.53,0.1,0.01
4.531,0.1,0.01
4.532,0.1,0.01
4.533,0.1,0.01
4.534,0.1,0.01
4.535,0.1,0.01
4.536,0.1,0.01
4.537,0.1,0.01
4.538,0.1,0.01
4.539,0.1,0.01
4.54,0.1,0.01
4.541,0.1,0.01
4.542,0.1,0.01
4.543,0.1,0.01
4.544,0.1,0.01
4.545,0.1,0.01
4.546,0.1,0.01
4.547,0.1,0.01
4.548,0.1,0.01
4.549,0.1,0.01
4.55,0.1,0.01
4.551,0.1,0.01
4.552,0.1,0.01
4.553,0.1,0.01
4.554,0.1,0.01
4.555,0.1,0.01
4.556,0.1,0.01
4.557,0.1,0.01
4.558,0.1,0.01
4.559,0.1,0.01
4.56,0.1,0.01
4.561,0.1,0.01
4.562,0.1,0.01
4.563,0.1,0.01
4.564,0.1,0.01
4.565,0.1,0.01
4.566,0.1,0.01
4.567,0.1,0.01
4.568,0.1,0.01
4.569,0.1,0.01
4.57,0.1,0.01
4.571,0.1,0.01
4.572,0.1,0.01
4.573,0.1,0.01
4.574,0.1,0.01
4.575,0.1,0.01
4.576,0.1,0.01
4.577,0.1,0.01
4.578,0.1,0.01
4.579,0.1,0.01
4.58,0.1,0.01
4.581,0.1,0.01
4.582,0.1,0.01
4.583,0.1,0.01
4.584,0.1,0.01
4.585,0.1,0.01
4.586,0.1,0.01
4.587,0.1,0.01
4.588,0.1,0.01
4.589,0.1,0.01
4.59,0.1,0.01
4.591,0.1,0.01
4.592,0.1,0.01
4.593,0.1,0.01
4.594,0.1,0.01
4.595,0.1,0.01
4.596,0.1,0.01
4.597,0.1,0.01
4.598,0.1,0.01
4.599,0.1,0.01
4.6,0.1,0.01
4.601,0.1,0.01
4.602,0.1,0.01
4.603,0.1,0.01
4.604,0.1,0.01
4.605,0.1,0.01
4.606,0.1,0.01
4.607,0.1,0.01
4.608,0.1,0.01
4.609,0.1,0.01
4.61,0.1,0.01
4.611,0.1,0.01
4.612,0.1,0.01
4.613,0.1,0.01
4.614,0.1,0.01
4.615,0.1,0.01
4.616,0.1,0.01
4.617,0.1,0.01
4.618,0.1,0.01
4.619,0.1,0.01
4.62,0.1,0.01
4.621,0.1,0.01
4.622,0.1,0.01
4.623,0.1,0.01
4.624,0.1,0.01
4.625,0.1,0.01
4.626,0.1,0.01
4.627,0.1,0.01
4.628,0.1,0.01
4.629,0.1,0.01
4.63,0.1,0.01
4.631,0.1,0.01
4.632,0.1,0.01
4.633,0.1,0.01
4.634,0.1,0.01
4.635,0.1,0.01
4.636,0.1,0.01
4.637,0.1,0.01
4.638,0.1,0.01
4.639,0.1,0.01
4.64,0.1,0.01
4.641,0.1,0.01
4.642,0.1,0.01
4.643,0.1,0.01
4.644,0.1,0.01
4.645,0.1,0.01
4.646,0.1,0.01
4.647,0.1,0.01
4.648,0.1,0.01
4.649,0.1,0.01
4.65,0.1,0.01
4.651,0.1,0.01
4.652,0.1,0.01
4.653,0.1,0.01
4.654,0.1,0.01
4.655,0.1,0.01
4.656,0.1,0.01
4.657,0.1,0.01
4.658,0.1,0.01
4.659,0.1,0.01
4.66,0.1,0.01
4.661,0.1,0.01
4.662,0.1,0.01
4.663,0.1,0.01
4.664,0.1,0.01
4.665,0.1,0.01
4.666,0.1,0.01
4.667,0.1,0.01
4.668,0.1,0.01
4.669,0.1,0.01
4.67,0.1,0.01
4.671,0.1,0.01
4.672,0.1,0.01
4.673,0.1,0.01
4.674,0.1,0.01
4.675,0.1,0.01
4.676,0.1,0.01
4.677,0.1,0.01
4.678,0.1,0.01
4.679,0.1,0.01
4.68,0.1,0.01
4.681,0.1,0.01
4.682,0.1,0.01
4.683,0.1,0.01
4.684,0.1,0.01
4.685,0.1,0.01
4.686,0.1,0.01
4.687,0.1,0.01
4.688,0.1,0.01
4.689,0.1,0.01
4.69,0.1,0.01
4.691,0.1,0.01
4.692,0.1,0.01
4.693,0.1,0.01
4.694,0.1,0.01
4.695,0.1,0.01
4.696,0.1,0.01
4.697,0.1,0.01
4.698,0.1,0.01
4.699,0.1,0.01
4.7,0.1,0.01
4.701,0.1,0.01
4.702,0.1,0.01
4.703,0.1,0.01
4.704,0.1,0.01
4.705,0.1,0.01
4.706,0.1,0.01
4.707,0.1,0.01
4.708,0.1,0.01
4.709,0.1,0.01
4.71,0.1,0.01
4.711,0.1,0.01
4.712,0.1,0.01
4.713,0.1,0.01
4.714,0.1,0.01
4.715,0.1,0.01
4.716,0.1,0.01
4.717,0.1,0.01
4.718,0.1,0.01
4.719,0.1,0.01
4.72,0.1,0.01
4.721,0.1,0.01
4.722,0.1,0.01
4.723,0.1,0.01
4.724,0.1,0.01
4.725,0.1,0.01
4.726,0.1,0.01
4.727,0.1,0.01
4.728,0.1,0.01
4.729,0.1,0.01
4.73,0.1,0.01
4.731,0.1,0.01
4.732,0.1,0.01
4.733,0.1,0.01
4.734,0.1,0.01
4.735,0.1,0.01
4.736,0.1,0.01
4.737,0.1,0.01
4.738,0.1,0.01
4.739,0.1,0.01
4.74,0.1,0.01
4.741,0.1,0.01
4.742,0.1,0.01
4.743,0.1,0.01
4.744,0.1,0.01
4.745,0.1,0.01
4.746,0.1,0.01
4.747,0.1,0.01
4.748,0.1,0.01
4.749,0.1,0.01
4.75,0.1,0.01
4.751,0.1,0.01
4.752,0.1,0.01
4.753,0.1,0.01
4.754,0.1,0.01
4.755,0.1,0.01
4.756,0.1,0.01
4.757,0.1,0.01
4.758,0.1,0.01
4.759,0.1,0.01
4.76,0.1,0.01
4.761,0.1,0.01
4.762,0.1,0.01
4.763,0.1,0.01
4.764,0.1,0.01
4.765,0.1,0.01
4.766,0.1,0.01
4.767,0.1,0.01
4.768,0.1,0.01
4.769,0.1,0.01
4.77,0.1,0.01
4.771,0.1,0.01
4.772,0.1,0.01
4.773,0.1,0.01
4.774,0.1,0.01
4.775,0.1,0.01
4.776,0.1,0.01
4.777,0.1,0.01
4.778,0.1,0.01
4.779,0.1,0.01
4.78,0.1,0.01
4.781,0.1,0.01
4.782,0.1,0.01
4.783,0.1,0.01
4.784,0.1,0.01
4.785,0.1,0.01
4.786,0.1,0.01
4.787,0.1,0.01
4.788,0.1,0.01
4.789,0.1,0.01
4.79,0.1,0.01
4.791,0.1,0.01
4.792,0.1,0.01
4.793,0.1,0.01
4.794,0.1,0.01
4.795,0.1,0.01
4.796,0.1,0.01
4.797,0.1,0.01
4.798,0.1,0.01
4.799,0.1,0.01
4.8,0.1,0.01
4.801,0.1,0.01
4.802,0.1,0.01
4.803,0.1,0.01
4.804,0.1,0.01
4.805,0.1,0.01
4.806,0.1,0.01
4.807,0.1,0.01
4.808,0.1,0.01
4.809,0.1,0.01
4.81,0.1,0.01
4.811,0.1,0.01
4.812,0.1,0.01
4.813,0.1,0.01
4.814,0.1,0.01
4.815,0.1,0.01
4.816,0.1,0.01
4.817,0.1,0.01
4.818,0.1,0.01
4.819,0.1,0.01
4.82,0.1,0.01
4.821,0.1,0.01
4.822,0.1,0.01
4.823,0.1,0.01
4.824,0.1,0.01
4.825,0.1,0.01
4.826,0.1,0.01
4.827,0.1,0.01
4.828,0.1,0.01
4.829,0.1,0.01
4.83,0.1,0.01
4.831,0.1,0.01
4.832,0.1,0.01
4.833,0.1,0.01
4.834,0.1,0.01
4.835,0.1,0.01
4.836,0.1,0.01
4.837,0.1,0.01
4.838,0.1,0.01
4.839,0.1,0.01
4.84,0.1,0.01
4.841,0.1,0.01
4.842,0.1,0.01
4.843,0.1,0.01
4.844,0.1,0.01
4.845,0.1,0.01
4.846,0.1,0.01
4.847,0.1,0.01
4.848,0.1,0.01
4.849,0.1,0.01
4.85,0.1,0.01
4.851,0.1,0.01
4.852,0.1,0.01
4.853,0.1,0.01
4.854,0.1,0.01
4.855,0.1,0.01
4.856,0.1,0.01
4.857,0.1,0.01
4.858,0.1,0.01
4.859,0.1,0.01
4.86,0.1,0.01
4.861,0.1,0.01
4.862,0.1,0.01
4.863,0.1,0.01
4.864,0.1,0.01
4.865,0.1,0.01
4.866,0.1,0.01
4.867,0.1,0.01
4.868,0.1,0.01
4.869,0.1,0.01
4.87,0.1,0.01
4.871,0.1,0.01
4.872,0.1,0.01
4.873,0.1,0.01
4.874,0.1,0.01
4.875,0.1,0.01
4.876,0.1,0.01
4.877,0.1,0.01
4.878,0.1,0.01
4.879,0.1,0.01
4.88,0.1,0.01
4.881,0.1,0.01
4.882,0.1,0.01
4.883,0.1,0.01
4.884,0.1,0.01
4.885,0.1,0.01
4.886,0.1,0.01
4.887,0.1,0.01
4.888,0.1,0.01
4.889,0.1,0.01
4.89,0.1,0.01
4.891,0.1,0.01
4.892,0.1,0.01
4.893,0.1,0.01
4.894,0.1,0.01
4.895,0.1,0.01
4.896,0.1,0.01
4.897,0.1,0.01
4.898,0.1,0.01
4.899,0.1,0.01
4.9,0.1,0.01
4.901,0.1,0.01
4.902,0.1,0.01
4.903,0.1,0.01
4.904,0.1,0.01
4.905,0.1,0.01
4.906,0.1,0.01
4.907,0.1,0.01
4.908,0.1,0.01
4.909,0.1,0.01
4.91,0.1,0.01
4.911,0.1,0.01
4.912,0.1,0.01
4.913,0.1,0.01
4.914,0.1,0.01
4.915,0.1,0.01
4.916,0.1,0.01
4.917,0.1,0.01
4.918,0.1,0.01
4.919,0.1,0.01
4.92,0.1,0.01
4.921,0.1,0.01
4.922,0.1,0.01
4.923,0.1,0.01
4.924,0.1,0.01
4.925,0.1,0.01
4.926,0.1,0.01
4.927,0.1,0.01
4.928,0.1,0.01
4.929,0.1,0.01
4.93,0.1,0.01
4.931,0.1,0.01
4.932,0.1,0.01
4.933,0.1,0.01
4.934,0.1,0.01
4.935,0.1,0.01
4.936,0.1,0.01
4.937,0.1,0.01
4.938,0.1,0.01
4.939,0.1,0.01
4.94,0.1,0.01
4.941,0.1,0.01
4.942,0.1,0.01
4.943,0.1,0.01
4.944,0.1,0.01
4.945,0.1,0.01
4.946,0.1,0.01
4.947,0.1,0.01
4.948,0.1,0.01
4.949,0.1,0.01
4.95,0.1,0.01
4.951,0.1,0.01
4.952,0.1,0.01
4.953,0.1,0.01
4.954,0.1,0.01
4.955,0.1,0.01
4.956,0.1,0.01
4.957,0.1,0.01
4.958,0.1,0.01
4.959,0.1,0.01
4.96,0.1,0.01
4.961,0.1,0.01
4.962,0.1,0.01
4.963,0.1,0.01
4.964,0.1,0.01
4.965,0.1,0.01
4.966,0.1,0.01
4.967,0.1,0.01
4.968,0.1,0.01
4.969,0.1,0.01
4.97,0.1,0.01
4.971,0.1,0.01
4.972,0.1,0.01
4.973,0.1,0.01
4.974,0.1,0.01
4.975,0.1,0.01
4.976,0.1,0.01
4.977,0.1,0.01
4.978,0.1,0.01
4.979,0.1,0.01
4.98,0.1,0.01
4.981,0.1,0.01
4.982,0.1,0.01
4.983,0.1,0.01
4.984,0.1,0.01
4.985,0.1,0.01
4.986,0.1,0.01
4.987,0.1,0.01
4.988,0.1,0.01
4.989,0.1,0.01
4.99,0.1,0.01
4.991,0.1,0.01
4.992,0.1,0.01
4.993,0.1,0.01
4.994,0.1,0.01
4.995,0.1,0.01
4.996,0.1,0.01
4.997,0.1,0.01
4.998,0.1,0.01
4.999,0.1,0.01
5,0.1,0.01
